,Unnamed: 0,Generation,Intertwine_two,Add_vertex,Delete_vertex,Invert_path_vertices,Insert_inside_vertex,Delete_inside_vertex,Replace_inside_vertex,Donate_between_routes,Merge_terminals,Trim_one_terminal_cb,Trim_one_path_random_cb,Grow_one_terminal_cb,Grow_one_path_random_cb
0,0.0,0.0,0.07692307692307689,0.07692307692307689,0.07692307692307689,0.07692307692307689,0.07692307692307689,0.07692307692307689,0.07692307692307689,0.07692307692307689,0.07692307692307689,0.07692307692307689,0.07692307692307689,0.07692307692307689,0.07692307692307689
1,1.0,1.0,0.11601120471673221,0.07948455783812197,0.08539170741736832,0.07909843348242865,0.07404101256116645,0.0813916463443029,0.07550207294667191,0.036274457650060314,0.015659018709109664,0.11395934088327839,0.07024742755601257,0.11400642525328505,0.05893269464146104
2,2.0,2.0,0.1158132811451609,0.08482806123354128,0.06781605142145768,0.07811142443613346,0.09499845674544982,0.05401309795742909,0.06765760827124409,0.03392395347288528,0.01225838658146965,0.1317925218232457,0.06872728303158765,0.1116980752784126,0.07836179860198236
3,3.0,3.0,0.1242601706839354,0.06770791539392086,0.07865486783221051,0.06790594543021485,0.060164528346857774,0.0658927867087348,0.07337920432719143,0.02048192520963839,0.020059287820304916,0.12753797207745207,0.09087741565369237,0.13196069614088501,0.0711172843749612
4,4.0,4.0,0.1272377274218798,0.08692246178360011,0.06852743266576052,0.09083314453865737,0.07621557022030376,0.043944280866958105,0.048559912738917105,0.02107022079353181,0.026963325025043956,0.1413429219417959,0.05587715884337594,0.12912712308819066,0.0833787200719846
5,5.0,5.0,0.12967147248034977,0.08606251156333213,0.08389439983780989,0.0784280730390303,0.08396509047713754,0.06376175237755598,0.05062718854221289,0.03557307498323494,0.010352712235465824,0.14554507090934704,0.04862102956384262,0.12056431278502253,0.06293331120565822
6,6.0,6.0,0.14094373294590218,0.08092385794933775,0.07615376165306217,0.0766177806522751,0.0519626912699791,0.057986340092905896,0.03353788144307636,0.029569948716779045,0.010000000000000002,0.15261899570158416,0.07132119589169031,0.1179223813925456,0.10044143229086207
7,7.0,7.0,0.13903043693950617,0.08067729407809057,0.10100296132048796,0.06929186974832544,0.036600076950135896,0.08109822175450564,0.02352781071535679,0.03605281194584229,0.010000000000000002,0.16557933270396363,0.05904554136514832,0.1318029317188794,0.06629071075975754
8,8.0,8.0,0.12017646603055585,0.08284603896151348,0.07664207230034885,0.04485629224003816,0.10179976006441098,0.08075732429924475,0.07069311073390301,0.04454619385312533,0.010000000000000002,0.12966789889065514,0.05654253016743671,0.12951636192897562,0.05195595052979183
9,9.0,9.0,0.12083841909323012,0.11754810747113864,0.08100308204280132,0.05707468513377913,0.07165766393865304,0.0846472072809565,0.04860859819491241,0.02470797043182834,0.010000000000000002,0.15896667792740193,0.05038430886356689,0.14167924446851216,0.03288403515321946
10,10.0,10.0,0.11575818866925672,0.09356016090380173,0.060560043875134494,0.08281754562254862,0.08812616448919323,0.09563423716492402,0.07498451683677158,0.02804934639495938,0.010000000000000002,0.14567225674957285,0.046171534205298896,0.12666735801906523,0.03199864706947294
11,11.0,11.0,0.1382283354640542,0.08183160448923624,0.09058330638523301,0.06282759789831717,0.03854744065396908,0.10176493451374882,0.04677539103959649,0.04407916822589646,0.010000000000000002,0.1871980250520396,0.03737594578677812,0.11911986721736618,0.0416683832737644
12,12.0,12.0,0.1030738140001582,0.12490745591974872,0.09243862430135871,0.052282166371892105,0.02779441758705392,0.07218215066525627,0.06920992006818993,0.07316110887406205,0.02116335088728592,0.13225542703056362,0.06694765066376367,0.1156913787186998,0.04889253491196681
13,13.0,13.0,0.118300289470099,0.08718292254157255,0.042038783291774115,0.0831716509342154,0.03355505084845384,0.08696350789442531,0.03201715108409793,0.05589872388655508,0.010000000000000002,0.15987149929889383,0.07394488456208065,0.15045665531366165,0.06659888087417036
14,14.0,14.0,0.15432438615208635,0.08492941768832107,0.08567432743170308,0.04773889037261193,0.07243470917310527,0.095684052349045,0.017692971689059894,0.04168183228576811,0.010000000000000002,0.16510213524245826,0.06233567684760692,0.12542510386012243,0.03697649690811149
15,15.0,15.0,0.12298248027480334,0.11631719515544178,0.06274312641690975,0.06030428487378673,0.058027343209965075,0.05832932291570401,0.02566422913361252,0.037505959765383554,0.010000000000000002,0.17167924418784347,0.09303563086854702,0.12261219762516765,0.06079898557283492
16,16.0,16.0,0.11493248431124684,0.11464665722445444,0.06612337941485774,0.0257113970750578,0.03516120101296013,0.09785797002372473,0.01754287521116258,0.032651698843297064,0.010000000000000002,0.19549841632699277,0.07725211301522707,0.1569864189724574,0.05563538856856117
17,17.0,17.0,0.09881916218821028,0.07769065901227308,0.0837601391656962,0.04840844950138164,0.04657081789260292,0.12732635355734642,0.030895230622474353,0.027703106396512432,0.010000000000000002,0.18799598741772916,0.058092262450402124,0.1728199545519245,0.029917877243446727
18,18.0,18.0,0.08435977787651958,0.08064205768076797,0.10784080853157199,0.07296104007430462,0.050044981027940416,0.0739503433688503,0.012400149046713141,0.054539918028844746,0.018850043846828413,0.21633633424777474,0.06421364779228544,0.14195271644220758,0.0219081820353909
19,19.0,19.0,0.0996620969748758,0.06375637471702617,0.10977802078880954,0.08015581656049511,0.03120294930587736,0.06911899814236941,0.010000000000000002,0.02044836321517874,0.010000000000000002,0.22957590505501058,0.025661536350024557,0.19553128556699712,0.05510865332333551
20,20.0,20.0,0.1141926525990882,0.04994332814331124,0.12985952842821594,0.03499678280605259,0.06685737171182979,0.04604280386587189,0.010000000000000002,0.0305497720908803,0.010000000000000002,0.22430755722663243,0.05037123933826639,0.19976204713343124,0.0331169166564199
21,21.0,21.0,0.11960316483518336,0.04016146154764865,0.09829381762306913,0.04519505477374453,0.08117178981703776,0.07614722616853013,0.010000000000000002,0.013247884341241134,0.010000000000000002,0.24883740903811594,0.0633577224702663,0.12838812560222446,0.06559634378293858
22,22.0,22.0,0.09241414042517436,0.05505501278659529,0.11205578486962178,0.011065608691021408,0.10152745888530704,0.02732721919799158,0.010000000000000002,0.026361492035844637,0.010000000000000002,0.26302446374408384,0.05009969789367008,0.15166612947347485,0.08940299199721499
23,23.0,23.0,0.11878213012403649,0.10353213168746378,0.09898717742321812,0.034343429897567224,0.033631579720087124,0.06226543837616675,0.020809725109185606,0.010000000000000002,0.010000000000000002,0.25041222179858835,0.03892611195942215,0.164462734758119,0.05384731914614534
24,24.0,24.0,0.11321764464850241,0.13065230255386157,0.10474116813054765,0.045860777964560305,0.04817059855618189,0.04729464494967397,0.017217920353982303,0.010000000000000002,0.024939334205651947,0.2714487085229675,0.04443037807052934,0.1024245668722695,0.0396019551712715
25,25.0,25.0,0.11128147971109104,0.10449227702867632,0.1078942691479633,0.11025750244320251,0.0709366517437974,0.05220486528964687,0.06427475198422156,0.010000000000000002,0.010000000000000002,0.2033968408065435,0.025026966596588672,0.09689831334489998,0.03333608190336869
26,26.0,26.0,0.07538726785811097,0.08556003642826226,0.05181690360993017,0.03521426139725713,0.039571370135523226,0.0354799392638855,0.012841190977184388,0.026956825028192438,0.010000000000000002,0.35443641662450703,0.120578545864279,0.07154333512220101,0.0806139076906667
27,27.0,27.0,0.10902716307312055,0.10874500759432608,0.08419992106292869,0.021808384492426565,0.03702425149638638,0.04783541228114359,0.010000000000000002,0.030653117027539777,0.010000000000000002,0.2583982197773242,0.0732060986005744,0.1005136604896836,0.10858876410454603
28,28.0,28.0,0.11686156733359468,0.07503395386986342,0.05837834898141464,0.07179948601757784,0.07426553710810803,0.05002234926485505,0.036845714285714294,0.030013863042477613,0.010000000000000002,0.20890918225758712,0.11637170336021903,0.09149131049551168,0.06000698398307648
29,29.0,29.0,0.11218075296866747,0.08576784796207479,0.13694539307428844,0.05425923204115378,0.028697715224700725,0.03677799475891085,0.011199513381995133,0.04504358220786873,0.010000000000000002,0.2889236071805833,0.056991359862160175,0.07463632585299676,0.058576675484599806
30,30.0,30.0,0.09761199078503785,0.10927962294234336,0.1328394551389011,0.053500000000000006,0.023735788935344053,0.03491941602559652,0.04023181482524148,0.012906876482000434,0.010000000000000002,0.3026781428147842,0.09637116423821532,0.06388461179819015,0.02204111601434542
31,31.0,31.0,0.11679851967978594,0.05164397802509292,0.14312444012295406,0.010000000000000002,0.010000000000000002,0.09928512863354998,0.010000000000000002,0.010000000000000002,0.010000000000000002,0.3309443358935329,0.06901618643909006,0.1188379688268117,0.02034944237918216
32,32.0,32.0,0.06885295218759452,0.08542058108855569,0.22393040396418523,0.010000000000000002,0.08049224067171201,0.0887653336095244,0.03216333658829716,0.010000000000000002,0.010000000000000002,0.28723408032112163,0.04543550022981726,0.03825645196541511,0.019449119373776916
33,33.0,33.0,0.08180155161637094,0.1673747417371091,0.16271318928631923,0.03429684813753582,0.05362949833028648,0.03239471343366823,0.010000000000000002,0.010000000000000002,0.010000000000000002,0.20171570571202987,0.13946753970352707,0.08491108310332499,0.011695128939828084
34,34.0,34.0,0.10141225382004666,0.09637140736401491,0.12007444554543231,0.08879276013343307,0.03043383907732286,0.02015213009489743,0.010000000000000002,0.06615281988549933,0.010000000000000002,0.26470082179495524,0.06447600299526905,0.10840573711404593,0.019027782175083115
35,35.0,35.0,0.1143686530196008,0.04409507833597147,0.20105600885317645,0.05293245655413813,0.011474707824069943,0.03413031892433081,0.040968864305468825,0.04507323349158912,0.010000000000000002,0.20182623494378932,0.11035788800028853,0.1227687056604178,0.010947850087158628
36,36.0,36.0,0.07722940694698868,0.024374644010943153,0.10522483711596795,0.02142874387419087,0.010000000000000002,0.052062124583121094,0.032822102779234405,0.03267349926793558,0.010000000000000002,0.3532852447362174,0.08484017611516545,0.14663989496369237,0.0494193256065429
37,37.0,37.0,0.07776426087874677,0.013628746377680735,0.15782127778351088,0.03932398307771127,0.057258522871350546,0.01651063184767263,0.011104530386740332,0.03182439844306677,0.010000000000000002,0.3340032416252623,0.03546933999646891,0.13707993713615524,0.07821112957563348
38,38.0,38.0,0.16938107309713815,0.09948556082270796,0.15779947299479852,0.025652600588812562,0.02140767814327979,0.03381297860647694,0.0176908,0.024758693680072576,0.0215362,0.23849673961665135,0.05305016801110104,0.07585405051673919,0.061073983922221776
39,39.0,39.0,0.1197036569255652,0.0533299942767095,0.18510245061950056,0.013388895915012014,0.018736496430752602,0.06876622273860908,0.046643866998298214,0.04599439106413415,0.010000000000000002,0.2923773122998389,0.047439726720508495,0.03868809679573962,0.05982888921533153
40,40.0,40.0,0.183333323090195,0.056221291301574314,0.12533628703545635,0.02511440677966102,0.010000000000000002,0.030969976452749393,0.010000000000000002,0.01290969899665552,0.010000000000000002,0.4483750281026609,0.02354441886269855,0.026987701156280415,0.03720786822206836
41,41.0,41.0,0.17620364240434477,0.0449027959187361,0.11572115874160441,0.02206042654028436,0.010000000000000002,0.012013629767052171,0.010000000000000002,0.010000000000000002,0.010000000000000002,0.3997935094888111,0.018856785906738203,0.08698182240205773,0.08346622883037101
42,42.0,42.0,0.13833305993717754,0.09937075227750777,0.09576535510732466,0.012608757734412182,0.04260947168015231,0.05153105648392714,0.010000000000000002,0.010000000000000002,0.010000000000000002,0.3575056220117795,0.0560941657099467,0.0681900124436863,0.04799174661408575
43,43.0,43.0,0.10787513661274355,0.10125710738207068,0.05506736722416705,0.04236362967833475,0.01248571428571429,0.09676958388341436,0.010000000000000002,0.010000000000000002,0.010000000000000002,0.3192314615219268,0.05530329326075019,0.0950863460035045,0.08456036014737375
44,44.0,44.0,0.08987637659561347,0.12208409220369545,0.06515539592844716,0.021233859397417506,0.010000000000000002,0.06137027372897739,0.010000000000000002,0.010000000000000002,0.010000000000000002,0.37276507929160246,0.08080695837617327,0.0646902332305447,0.08201773124752855
45,45.0,45.0,0.10159133086648822,0.07454095753355225,0.08083484024849569,0.010000000000000002,0.03889357798165138,0.014326721234920972,0.010000000000000002,0.010000000000000002,0.022165254237288136,0.39404350988954856,0.10695037886039309,0.057103381621258345,0.07955004752640324
46,46.0,46.0,0.09757952656288756,0.17481882943712615,0.0831501276487244,0.010000000000000002,0.011237686216615219,0.06519128638691798,0.010000000000000002,0.010000000000000002,0.010000000000000002,0.3096766795273075,0.058550303812503424,0.1318648147797043,0.0279307456282133
47,47.0,47.0,0.07985780659374772,0.0874725484123763,0.02061967641567742,0.010000000000000002,0.010000000000000002,0.08926933652389685,0.045742761277494715,0.010000000000000002,0.010000000000000002,0.4323872032029656,0.0608450914875356,0.11168288077380573,0.032122695312500005
48,48.0,48.0,0.10457785629260985,0.03743456110661845,0.06874718592666733,0.010000000000000002,0.010000000000000002,0.05877250312854937,0.04150905432595574,0.010000000000000002,0.010000000000000002,0.44238889112347196,0.04654950301811163,0.11940933396690445,0.04061111111111112
49,49.0,49.0,0.0730747471822366,0.05406234522422805,0.02781067881489155,0.010000000000000002,0.010000000000000002,0.0589041586407608,0.01172578763127188,0.010000000000000002,0.030709451575262548,0.5613008409942439,0.06576832632868766,0.06858810805286142,0.01805555555555556
50,50.0,50.0,0.14975897825539725,0.028168341298709775,0.024737082314396225,0.010000000000000002,0.010000000000000002,0.06583798882725393,0.010000000000000002,0.010000000000000002,0.010000000000000002,0.49434760879838907,0.07581122585200253,0.07736281904349354,0.033975955610357586
51,51.0,51.0,0.10723037896403387,0.08191089739381156,0.04951431715255706,0.010000000000000002,0.010000000000000002,0.029261276729123355,0.010000000000000002,0.010000000000000002,0.010000000000000002,0.406650055348116,0.05156925523852475,0.20043789324790745,0.02342592592592593
52,52.0,52.0,0.05798570267884984,0.03149580971258812,0.09185138763761483,0.035380655226209055,0.010000000000000002,0.057192076369940656,0.010000000000000002,0.010000000000000002,0.010000000000000002,0.4489644987675295,0.03612202695038516,0.16130024737680695,0.039707595280075954
53,53.0,53.0,0.10578765655536589,0.1407010413790233,0.02355510029572096,0.011371974429930034,0.010000000000000002,0.06843579729181287,0.010000000000000002,0.010000000000000002,0.010000000000000002,0.36787779403464305,0.070761129094265,0.16054799421963523,0.010961512699603474
54,54.0,54.0,0.16482377255838587,0.06827158713532826,0.03943167892017151,0.010000000000000002,0.010000000000000002,0.08183295539791421,0.010000000000000002,0.039718813993174076,0.010000000000000002,0.34453702891608934,0.04065894139950057,0.09608077629845159,0.0846444453809845
55,55.0,55.0,0.157041023718258,0.1162266925080401,0.06519222458263227,0.010000000000000002,0.010000000000000002,0.03268362090393897,0.010000000000000002,0.010000000000000002,0.010000000000000002,0.3743813171003061,0.0633244438942862,0.11505173469435097,0.02609894259818732
56,56.0,56.0,0.12005465866955749,0.061255828918996155,0.031036494008319055,0.010000000000000002,0.010000000000000002,0.04356730884467881,0.010000000000000002,0.010000000000000002,0.010000000000000002,0.3718824177171501,0.04867095294820388,0.22424184532155564,0.049290493571538765
57,57.0,57.0,0.10357310655181225,0.06532892473756005,0.03487241585558153,0.010000000000000002,0.010000000000000002,0.011226902910866029,0.010000000000000002,0.02846361579790744,0.010000000000000002,0.44784759334826474,0.05467092975233743,0.17189113872278744,0.04212537232288305
58,58.0,58.0,0.08610256821828907,0.022609411729846117,0.04474826683791894,0.010000000000000002,0.010000000000000002,0.010000000000000002,0.010000000000000002,0.02276239669421488,0.010000000000000002,0.5713570675403419,0.05814796615763577,0.0914122554697507,0.05286006735200284
59,59.0,59.0,0.15454224246929016,0.025457157245112154,0.11811608411811496,0.010000000000000002,0.010000000000000002,0.010000000000000002,0.010000000000000002,0.01984306569343066,0.010000000000000002,0.42463544841112116,0.05771702395296498,0.13724230170382978,0.012446676406135868
60,60.0,60.0,0.08308063260051061,0.11912028474994649,0.10404070213925735,0.010000000000000002,0.010000000000000002,0.05651833579618788,0.010000000000000002,0.018329787234042556,0.010000000000000002,0.38227657611865584,0.05588479628744643,0.1006920560506035,0.04005682902334924
61,61.0,61.0,0.12769832193615221,0.04508074722484449,0.09770610990110723,0.010000000000000002,0.010000000000000002,0.02508755766851383,0.010000000000000002,0.010000000000000002,0.010000000000000002,0.5054333767038807,0.054299016976435244,0.08138903732685546,0.013305832262210802
62,62.0,62.0,0.04341885387918893,0.11928905807336024,0.05629099157485418,0.010000000000000002,0.03955676126878131,0.010000000000000002,0.010000000000000002,0.010000000000000002,0.010000000000000002,0.5477676730375818,0.03699137434267327,0.07575640283672978,0.03092888498683056
63,63.0,63.0,0.10241872838509317,0.0620828342380911,0.07,0.010000000000000002,0.013680769230769232,0.04340812720848057,0.010000000000000002,0.010000000000000002,0.010000000000000002,0.5052865386251686,0.05576869087245319,0.05400736722529535,0.05334694421464871
64,64.0,64.0,0.13133318782004033,0.03726609210297619,0.05565076810957903,0.010000000000000002,0.038594309965419675,0.030730496120536938,0.010000000000000002,0.010000000000000002,0.010000000000000002,0.4205927094777676,0.0635442824317433,0.06091650111743302,0.12137165285450383
65,65.0,65.0,0.0733212280118047,0.06403049405184066,0.1149714459853614,0.010000000000000002,0.010000000000000002,0.03802403846153847,0.010000000000000002,0.010000000000000002,0.010000000000000002,0.5636340348980468,0.042038331471809486,0.03030939745962378,0.023671029659974842
66,66.0,66.0,0.06204925752654863,0.09640720296473851,0.0769325885521229,0.010000000000000002,0.010000000000000002,0.04863920454545455,0.010000000000000002,0.010000000000000002,0.010000000000000002,0.4198299950210922,0.06154196288871504,0.05675805271585266,0.12784173578547542
67,67.0,67.0,0.06318100292885787,0.0991253504205046,0.06962203199837885,0.010000000000000002,0.010000000000000002,0.034057930838397844,0.010000000000000002,0.03082352941176471,0.010000000000000002,0.45366959587925315,0.031837349397590364,0.12594051694241043,0.05174269218284213
68,68.0,68.0,0.13450138885012575,0.08332626799515569,0.0376853270678272,0.010000000000000002,0.010000000000000002,0.010000000000000002,0.010000000000000002,0.010000000000000002,0.010000000000000002,0.4480548365527233,0.08875355450236969,0.10000563076245732,0.04767299426934098
69,69.0,69.0,0.1503665375039657,0.031082598084228575,0.056588464167411534,0.010000000000000002,0.04591743119266056,0.04531758530183727,0.010000000000000002,0.010000000000000002,0.010000000000000002,0.458514115642153,0.03417790107937059,0.1270897148544597,0.010945652173913042
70,70.0,70.0,0.14674066615494788,0.14556906105104198,0.11344399874008607,0.029405445729205514,0.011647389969293757,0.014243902439024394,0.010000000000000002,0.010000000000000002,0.010000000000000002,0.3924487301534035,0.05720895470247296,0.049291851060523736,0.010000000000000002
71,71.0,71.0,0.12401059474654282,0.04974301771218518,0.11556370933971723,0.010000000000000002,0.010000000000000002,0.010000000000000002,0.010000000000000002,0.040071754447533955,0.010000000000000002,0.42579107146007783,0.03182462928540457,0.15299522300853816,0.010000000000000002
72,72.0,72.0,0.14161193962240426,0.11326966098615907,0.07203272411148151,0.010000000000000002,0.010000000000000002,0.04089080911233308,0.010000000000000002,0.011603194103194102,0.010000000000000002,0.43039731788112245,0.046108262046979556,0.09408609213632588,0.010000000000000002
73,73.0,73.0,0.09533593430601439,0.0620284219873253,0.11635543772617929,0.010000000000000002,0.04053894549682008,0.014081514962593522,0.010000000000000002,0.010000000000000002,0.010000000000000002,0.4811891299128253,0.03249402274532006,0.06981401617580543,0.04816257668711658
74,74.0,74.0,0.12413059010257008,0.08624270557343358,0.06157772613920093,0.010000000000000002,0.016172297297297293,0.010000000000000002,0.010000000000000002,0.010000000000000002,0.010000000000000002,0.5358199476653148,0.04664389707745443,0.06785926471615744,0.011553571428571429
75,75.0,75.0,0.11248208661158261,0.09810540843168655,0.06772465968148857,0.010000000000000002,0.010000000000000002,0.010000000000000002,0.010000000000000002,0.010000000000000002,0.010000000000000002,0.47453084692432174,0.050188052762784575,0.1269689455881359,0.010000000000000002
76,76.0,76.0,0.15667042070554765,0.043272088032343184,0.033916456303973296,0.010000000000000002,0.010000000000000002,0.04578863636363637,0.010000000000000002,0.030714285714285715,0.010000000000000002,0.4864424469257811,0.0657991812311954,0.08739648472323729,0.010000000000000002
77,77.0,77.0,0.11900534094267456,0.06761622605468737,0.06886707594056164,0.010000000000000002,0.010000000000000002,0.010000000000000002,0.010000000000000002,0.0548322465915827,0.010000000000000002,0.4988480464588217,0.08401802774272514,0.04681303626894699,0.010000000000000002
78,78.0,78.0,0.07325439487214999,0.06407652410329509,0.015585165783858735,0.010000000000000002,0.010000000000000002,0.022391576127399913,0.010000000000000002,0.033275891103003094,0.010000000000000002,0.5282759037742146,0.05776030927835052,0.1305970827029283,0.034783152254799825
79,79.0,79.0,0.1127755426068073,0.013025983036795205,0.04179465915463311,0.010000000000000002,0.010000000000000002,0.053029211761325544,0.010000000000000002,0.01246847414880202,0.010000000000000002,0.5241653392654776,0.04116816385427412,0.10541678993358974,0.056155836238295474
80,80.0,80.0,0.1756424626209852,0.0396935136652939,0.05630356347577527,0.010000000000000002,0.010000000000000002,0.03497324139676113,0.010000000000000002,0.010000000000000002,0.010000000000000002,0.48595202889517386,0.016419665070223424,0.11471465581099367,0.026300869064793442
81,81.0,81.0,0.0791764360736831,0.0946166809883777,0.07407339712943034,0.010000000000000002,0.010000000000000002,0.0458566009789253,0.010000000000000002,0.010000000000000002,0.010000000000000002,0.492470437669798,0.09631332101573462,0.0561816237371597,0.01131150240689131
82,82.0,82.0,0.11381521366936032,0.025172789208590556,0.031210688658126984,0.010000000000000002,0.010000000000000002,0.052113748192485584,0.010000000000000002,0.010000000000000002,0.010000000000000002,0.5029950347402328,0.08119651106921774,0.13349601446198606,0.010000000000000002
83,83.0,83.0,0.1742372424578579,0.018330505187627272,0.11657183324810343,0.010000000000000002,0.010000000000000002,0.014018884369552589,0.010000000000000002,0.010000000000000002,0.010000000000000002,0.4217764406307751,0.07656289936003846,0.09520538777942686,0.033296806966618284
84,84.0,84.0,0.13406692965901115,0.03123614120716135,0.07032102136004534,0.010000000000000002,0.010000000000000002,0.010000000000000002,0.010000000000000002,0.010000000000000002,0.010000000000000002,0.5890389101654634,0.028056782727613205,0.04871291398662599,0.03856730089407942
85,85.0,85.0,0.11927187135601854,0.0714283894185852,0.10089471905026977,0.010000000000000002,0.010000000000000002,0.03888931297709924,0.010000000000000002,0.010000000000000002,0.010000000000000002,0.5253374972584104,0.02138037865748709,0.05218442922027396,0.020613402061855676
86,86.0,86.0,0.16183631505836166,0.03770756402626222,0.14061766676753362,0.010000000000000002,0.04167241940735917,0.012014986376021799,0.010000000000000002,0.010000000000000002,0.010000000000000002,0.37409949750067284,0.05009697201660197,0.09420474015342545,0.04774983869376105
87,87.0,87.0,0.12102898790317018,0.041942579470589006,0.0926348728490806,0.010000000000000002,0.010000000000000002,0.06507257493269433,0.010000000000000002,0.09004726046873998,0.010000000000000002,0.42253102301011536,0.06868654025003844,0.028740227313974753,0.029315933801597232
88,88.0,88.0,0.0914437197850971,0.04852043459062888,0.14738959777543803,0.010000000000000002,0.010000000000000002,0.016426136363636372,0.010000000000000002,0.013731225601486647,0.010000000000000002,0.4485756720072625,0.07045826377425031,0.044372524284938826,0.07908242581726135
89,89.0,89.0,0.09468405047841635,0.06496255760368665,0.1206093814472238,0.010000000000000002,0.010000000000000002,0.010000000000000002,0.010000000000000002,0.010000000000000002,0.010000000000000002,0.46183180349561603,0.11037225678150002,0.05375721705910751,0.03378273313444958
90,90.0,90.0,0.10865737246416196,0.055178260740741114,0.1024809744097848,0.010000000000000002,0.010000000000000002,0.010000000000000002,0.010000000000000002,0.010000000000000002,0.010000000000000002,0.4464082036834582,0.10536220896270923,0.1000934557045408,0.021819524034603875
91,91.0,91.0,0.09955265052228648,0.023169598614013406,0.08251660357899042,0.04684426229508197,0.010000000000000002,0.03928886376319583,0.010000000000000002,0.039602175003583207,0.010000000000000002,0.5519981260852203,0.020097851077427707,0.054786781467771675,0.012143087592428966
92,92.0,92.0,0.05290060714134134,0.10062480018693179,0.047967802236951365,0.053500000000000006,0.050994764397905755,0.01119450800915332,0.010000000000000002,0.010000000000000002,0.010000000000000002,0.4632915982661963,0.04314759725400458,0.09587832250751556,0.0505
93,93.0,93.0,0.10299804993190127,0.07816971370346437,0.1301598450339154,0.053500000000000006,0.010000000000000002,0.025478527607361967,0.010000000000000002,0.010000000000000002,0.010000000000000002,0.43137187080949946,0.04222525201249537,0.04259674090136198,0.053500000000000006
94,94.0,94.0,0.09155652866581962,0.07868107853704207,0.1215347457607157,0.010758720930232559,0.010000000000000002,0.05274127906976746,0.010000000000000002,0.010000000000000002,0.010000000000000002,0.4013601043938112,0.11647754673595512,0.03338999590665627,0.053500000000000006
95,95.0,95.0,0.07848023042763286,0.08127982211753748,0.1310190195255932,0.010000000000000002,0.010000000000000002,0.011141399416909625,0.010000000000000002,0.010000000000000002,0.010000000000000002,0.5061265371853835,0.071487062877199,0.016965928449744466,0.053500000000000006
96,96.0,96.0,0.13319862108523833,0.03837268295072539,0.09020313445937742,0.040830374753451686,0.010000000000000002,0.026202429149797573,0.010000000000000002,0.010000000000000002,0.010000000000000002,0.45045094569332234,0.057252782931354364,0.05414649863813999,0.06934253033859279
97,97.0,97.0,0.13702343992493365,0.055792155943705665,0.11091060002126978,0.02216129032258065,0.04069860676713108,0.032460784313725496,0.010000000000000002,0.029264872521246467,0.010000000000000002,0.4501220965007162,0.053500000000000006,0.031306424866469985,0.016759728818220916
98,98.0,98.0,0.12748864889904193,0.05388772035531577,0.038363508077421046,0.010000000000000002,0.010000000000000002,0.09069241534913994,0.010000000000000002,0.016692307692307694,0.010000000000000002,0.4406308425804455,0.053500000000000006,0.12174505062974354,0.016999506416584403
99,99.0,99.0,0.04365730088850246,0.10423776694593201,0.03215277777777778,0.018020607375271155,0.010000000000000002,0.028556729248332302,0.010000000000000002,0.010802060737527118,0.010000000000000002,0.42156368111064646,0.11060893922329278,0.19040013669271777,0.010000000000000002
100,100.0,100.0,0.1022875537476818,0.050569223409737796,0.04180998339125459,0.07250616607289669,0.010000000000000002,0.039335720953677294,0.010000000000000002,0.01483100961538462,0.010000000000000002,0.3591344034095743,0.05505145113331975,0.20072348826647307,0.033751
101,101.0,101.0,0.04966769500810705,0.13789284068634416,0.036221574360404594,0.010472036727879799,0.010000000000000002,0.010000000000000002,0.010000000000000002,0.010000000000000002,0.010000000000000002,0.49129065489482676,0.014232432432432432,0.1254262680751148,0.08479649781489036
102,102.0,102.0,0.09618027161585503,0.04711779073440457,0.11161975667963124,0.010000000000000002,0.010000000000000002,0.010000000000000002,0.010000000000000002,0.010000000000000002,0.010000000000000002,0.5045529320401935,0.04513461538461539,0.10720649942643053,0.028188134118869845
103,103.0,103.0,0.07036512206030357,0.09091460242620955,0.04522296135944183,0.010000000000000002,0.010000000000000002,0.010000000000000002,0.010000000000000002,0.04847109826589597,0.010000000000000002,0.5573457364675941,0.045192313922703634,0.08248816549785142,0.010000000000000002
104,104.0,104.0,0.03664630035667235,0.0965118367498413,0.14186776132472886,0.010000000000000002,0.010000000000000002,0.044673159655831754,0.010000000000000002,0.053500000000000006,0.010000000000000002,0.4679508607428204,0.0397810210010384,0.06906906016906693,0.010000000000000002
105,105.0,105.0,0.25186866822704007,0.06846068022130948,0.07397106716968502,0.010000000000000002,0.010000000000000002,0.011417667238421959,0.010000000000000002,0.031656250000000004,0.010000000000000002,0.33369358723482867,0.04543615385255173,0.1152061533288901,0.028289772727272726
106,106.0,106.0,0.11547162861795772,0.04672586963686133,0.10288213091997908,0.07655775846571308,0.010000000000000002,0.010000000000000002,0.010000000000000002,0.010000000000000002,0.010000000000000002,0.4333641304140121,0.05579836310386823,0.07817686302765496,0.04102325581395349
107,107.0,107.0,0.138097991212614,0.05230625093829814,0.06416974335344497,0.04975008532539645,0.049893782383419696,0.010000000000000002,0.010000000000000002,0.010000000000000002,0.010000000000000002,0.49813531070036837,0.020469434783347278,0.049681071279952804,0.03749633002315815
108,108.0,108.0,0.14156628165909516,0.05470110055097414,0.04046521144640987,0.010000000000000002,0.010000000000000002,0.0415127840909091,0.010000000000000002,0.010000000000000002,0.010000000000000002,0.5232116576950079,0.04651046676096181,0.05867200744294413,0.04336049035369775
109,109.0,109.0,0.18136019186560554,0.049995647657262485,0.025385653409090915,0.03450046663555763,0.010000000000000002,0.02317085899862743,0.010000000000000002,0.010000000000000002,0.010000000000000002,0.4382783820555887,0.09133825019334198,0.10349426835001055,0.012476280834914612
110,110.0,110.0,0.1357314010522712,0.010000000000000002,0.02637811745776348,0.011309856051703876,0.010000000000000002,0.010000000000000002,0.010000000000000002,0.03436332256169213,0.010000000000000002,0.47444926812005594,0.13888352878556298,0.08614965748610172,0.0427348484848485
111,111.0,111.0,0.17296339283843348,0.010000000000000002,0.01329857819905213,0.010000000000000002,0.010000000000000002,0.04638725099601594,0.010000000000000002,0.015304878048780488,0.010000000000000002,0.4636292336886011,0.07963117061580352,0.1462592916473076,0.01252620396600567
112,112.0,112.0,0.12306721769783158,0.04260849772382398,0.07086071674684306,0.010000000000000002,0.010000000000000002,0.04635660794112433,0.010000000000000002,0.043796092460099065,0.010000000000000002,0.3431199844880607,0.10973005382617193,0.1573562266055848,0.023104602510460256
113,113.0,113.0,0.11440934480554073,0.045984311814827275,0.022207643884892086,0.010000000000000002,0.010000000000000002,0.020362691370080715,0.010000000000000002,0.010000000000000002,0.036242622950819675,0.38614670160266745,0.09867585089299961,0.22000024444287808,0.015970588235294122
114,114.0,114.0,0.16556371438363984,0.05343960480186975,0.02611176316893644,0.010000000000000002,0.039183254344391794,0.03946332856691689,0.010000000000000002,0.010000000000000002,0.010000000000000002,0.32326267608154846,0.1261271588811837,0.10287864487676535,0.0839698548947476
115,115.0,115.0,0.09435198842792683,0.05199644723299818,0.0741364098898094,0.010000000000000002,0.011379415855354659,0.013855611150822017,0.010000000000000002,0.010000000000000002,0.010000000000000002,0.3910017692601412,0.16387846055213343,0.12605741865204578,0.03334247897876836
116,116.0,116.0,0.1339827238970352,0.033001359731709076,0.06546340432235312,0.010000000000000002,0.010000000000000002,0.010000000000000002,0.010000000000000002,0.010000000000000002,0.010000000000000002,0.3824995154284848,0.1201694360517342,0.16569633437546216,0.03918722619322112
117,117.0,117.0,0.173653362901927,0.04300514311698877,0.10128914401309796,0.029788993885491943,0.010000000000000002,0.024841745414118953,0.010000000000000002,0.010000000000000002,0.010000000000000002,0.379831139129001,0.06897679108635099,0.12679598879337717,0.011817691659646166
118,118.0,118.0,0.12852298609721283,0.03765821931362668,0.06424574768358043,0.013819790301441676,0.010000000000000002,0.0191218872870249,0.010000000000000002,0.010000000000000002,0.010000000000000002,0.35292742304521696,0.09029753118509613,0.19297771399697866,0.06042870108982159
119,119.0,119.0,0.12029889201029853,0.12803098820938405,0.02254586252240364,0.010000000000000002,0.04997297297297297,0.019414179104477614,0.010000000000000002,0.010000000000000002,0.010000000000000002,0.39988600317998624,0.05748383769719416,0.1503769091461285,0.011990355157154202
120,120.0,120.0,0.1772273751303165,0.03379336042858317,0.05461359453314004,0.010000000000000002,0.014345914097856715,0.010000000000000002,0.02202369567073691,0.010000000000000002,0.010000000000000002,0.34082786850976,0.1123977895025821,0.19477040212702423,0.010000000000000002
121,121.0,121.0,0.17969531387208576,0.05832471562132048,0.11411221059701201,0.010000000000000002,0.021833247950819673,0.010000000000000002,0.010000000000000002,0.010000000000000002,0.010000000000000002,0.31507603100297776,0.08798884746315336,0.09678175450058116,0.0761878789920496
122,122.0,122.0,0.20679348364362996,0.04684658795169749,0.10022913783520424,0.04643953585908011,0.010000000000000002,0.010000000000000002,0.010000000000000002,0.010000000000000002,0.010000000000000002,0.2749197686177893,0.0930228256754778,0.13024937253970828,0.051499287877412606
123,123.0,123.0,0.2208310370445993,0.09066576939479001,0.08389478829920562,0.011784920499230637,0.010000000000000002,0.010000000000000002,0.010000000000000002,0.010000000000000002,0.010000000000000002,0.30672326518113613,0.14134309619061564,0.06894025720060806,0.0258168661898144
124,124.0,124.0,0.16053503994500268,0.030143989674115478,0.1199602453901224,0.010000000000000002,0.010000000000000002,0.04730868761552681,0.010000000000000002,0.010000000000000002,0.010000000000000002,0.33006466320116434,0.10670060234136476,0.09953879872611841,0.05574797310658493
125,125.0,125.0,0.09064887473494118,0.04107142857142858,0.07489688035103595,0.010000000000000002,0.010000000000000002,0.018797752808988773,0.010000000000000002,0.010000000000000002,0.010000000000000002,0.3431333002657549,0.17294416479248487,0.1809479041909669,0.027559694284398622
126,126.0,126.0,0.1663374831245498,0.09350492040814826,0.1408333060597317,0.010000000000000002,0.010000000000000002,0.010000000000000002,0.010000000000000002,0.010000000000000002,0.010000000000000002,0.36554368925955283,0.08500661901109414,0.07774642308180502,0.011027559055118114
127,127.0,127.0,0.11330436548860248,0.11908257982082648,0.11670827852625787,0.010000000000000002,0.010000000000000002,0.010000000000000002,0.010000000000000002,0.010000000000000002,0.010000000000000002,0.3936719825550345,0.09319242831092378,0.07189491075290017,0.032145454545454547
128,128.0,128.0,0.06473797393270422,0.020043094762226432,0.10813224968078797,0.010000000000000002,0.030425485805100055,0.07877015084228209,0.010000000000000002,0.010000000000000002,0.010000000000000002,0.3990597756230428,0.12101472038488495,0.06961512347913591,0.06820142548983542
129,129.0,129.0,0.07935558199297434,0.08020252182013325,0.1052029229582309,0.010000000000000002,0.026331617277749873,0.015586198824487274,0.010000000000000002,0.010000000000000002,0.010000000000000002,0.35843852194176484,0.13760724167599092,0.07163833351568524,0.08563705999298328
130,130.0,130.0,0.08777297625304618,0.029076529984483467,0.12265070537367681,0.010000000000000002,0.014350884925747607,0.04816029814742044,0.010000000000000002,0.010000000000000002,0.010000000000000002,0.3936177793888125,0.15494735433978699,0.06930144690810364,0.04012202467892219
131,131.0,131.0,0.12994131506447887,0.03520377068933296,0.22309484421214001,0.010000000000000002,0.010000000000000002,0.01031643132220796,0.010000000000000002,0.010000000000000002,0.010000000000000002,0.32610781678562806,0.16470175530778353,0.047711141717242576,0.012922924901185776
132,132.0,132.0,0.2300614925912182,0.03821023279201856,0.1089569112001066,0.010000000000000002,0.010000000000000002,0.010000000000000002,0.010000000000000002,0.010000000000000002,0.010000000000000002,0.38998471276529684,0.09497763354604041,0.04558174437804651,0.03222727272727273
133,133.0,133.0,0.08898933520521889,0.054109355786469915,0.11631070729443813,0.010000000000000002,0.010000000000000002,0.042365547917509114,0.010000000000000002,0.010000000000000002,0.010000000000000002,0.39335796707650716,0.1349281457680701,0.1057004794133251,0.014238461538461542
134,134.0,134.0,0.06293820648866813,0.05641863753213368,0.1065309054926938,0.03455120699208581,0.010000000000000002,0.026730769230769235,0.010000000000000002,0.010000000000000002,0.010000000000000002,0.5300966911733167,0.10213777111593995,0.030595811974392696,0.010000000000000002
135,135.0,135.0,0.061999341890490736,0.07192274654670053,0.1472548975774884,0.013314285714285713,0.010000000000000002,0.018138709677419363,0.010000000000000002,0.010000000000000002,0.010000000000000002,0.5395393550101525,0.08229056924384028,0.015540094339622645,0.010000000000000002
136,136.0,136.0,0.08084873797384483,0.03573535915914353,0.1516650590539141,0.010000000000000002,0.010000000000000002,0.010000000000000002,0.010000000000000002,0.010000000000000002,0.010000000000000002,0.4928036698728234,0.1296584225947413,0.039288751345532835,0.010000000000000002
137,137.0,137.0,0.09327594899019989,0.07725251794594223,0.11115360837124973,0.010000000000000002,0.010000000000000002,0.039097972972972975,0.010000000000000002,0.010000000000000002,0.010000000000000002,0.44824047642354586,0.06049226832489544,0.11048720697119377,0.010000000000000002
138,138.0,138.0,0.04857320617489569,0.07434508036811126,0.0916310596191077,0.010000000000000002,0.04581857182396901,0.02035559093463196,0.010000000000000002,0.010000000000000002,0.010000000000000002,0.48496829401700864,0.053500000000000006,0.13080819706227564,0.010000000000000002
139,139.0,139.0,0.11515959685931657,0.08283910727690943,0.06772451426690142,0.010000000000000002,0.010556852409638552,0.010000000000000002,0.010000000000000002,0.010000000000000002,0.010000000000000002,0.4905534208600665,0.053500000000000006,0.11966650832716748,0.010000000000000002
140,140.0,140.0,0.08804659659475417,0.025684919660090743,0.04766214365393263,0.010000000000000002,0.04876683937823835,0.010000000000000002,0.010000000000000002,0.010000000000000002,0.010000000000000002,0.4606935694770041,0.0928675,0.10123503760190633,0.08504339363407373
141,141.0,141.0,0.16040740843712872,0.01608703071672355,0.05983696892466835,0.010000000000000002,0.013975806451612907,0.010000000000000002,0.010000000000000002,0.010000000000000002,0.010000000000000002,0.5017957121966716,0.1297919295701357,0.0521054665067591,0.015999677196299928
142,142.0,142.0,0.13975429459390562,0.02191584158415842,0.10256394410328573,0.010000000000000002,0.010000000000000002,0.010000000000000002,0.010000000000000002,0.010000000000000002,0.010000000000000002,0.5298002268128801,0.09446223063718624,0.03366014032773512,0.017843321940848787
143,143.0,143.0,0.23570043449376565,0.06406735898088431,0.06469729319738082,0.010000000000000002,0.010000000000000002,0.010000000000000002,0.010000000000000002,0.010000000000000002,0.010000000000000002,0.4099923323297829,0.099649870655135,0.010000000000000002,0.055892710343051266
144,144.0,144.0,0.16877280445158602,0.04539546416356589,0.0781125283336751,0.010000000000000002,0.010000000000000002,0.057527674208670596,0.010000000000000002,0.010000000000000002,0.010000000000000002,0.42623297981051317,0.06888082635341111,0.06143036336448031,0.04364735931409762
145,145.0,145.0,0.12351568868860319,0.06479328563624377,0.04894743021230326,0.010000000000000002,0.019941502407121448,0.014078124999999997,0.010000000000000002,0.010000000000000002,0.010000000000000002,0.38359461479248536,0.1461055487432998,0.07118870554984223,0.08783509897010071
146,146.0,146.0,0.08911691629683038,0.11329898944260881,0.07768454938903571,0.010000000000000002,0.010000000000000002,0.010000000000000002,0.010000000000000002,0.010000000000000002,0.010000000000000002,0.4237758959290777,0.08181134173758256,0.14044538088559536,0.013866926319269394
147,147.0,147.0,0.08415517825264014,0.07332014224609897,0.04064684644449224,0.010000000000000002,0.010000000000000002,0.010000000000000002,0.010000000000000002,0.02892821576763486,0.010000000000000002,0.42713426367009344,0.07331235920391256,0.14249079590357044,0.08001219851155726
148,148.0,148.0,0.13323590524076456,0.1146001360694541,0.04249110329786606,0.010000000000000002,0.010000000000000002,0.010000000000000002,0.010000000000000002,0.01438983050847458,0.010000000000000002,0.29105746204608507,0.06896551724137931,0.22185834892023334,0.06340169667574266
149,149.0,149.0,0.08257319713762823,0.07507395315052534,0.04722882943721588,0.010000000000000002,0.010000000000000002,0.010000000000000002,0.010000000000000002,0.010000000000000002,0.010000000000000002,0.44411039040624783,0.06018331990330379,0.17486115707072913,0.05596915289434975
150,150.0,150.0,0.08456545215492692,0.0994708705962518,0.015765060240963857,0.010000000000000002,0.010000000000000002,0.010000000000000002,0.010000000000000002,0.010000000000000002,0.010000000000000002,0.5075768689672719,0.0922972972972973,0.08682445074328816,0.053500000000000006
151,151.0,151.0,0.06613423685808474,0.02495512374026604,0.07746657315910152,0.010000000000000002,0.010000000000000002,0.010000000000000002,0.010000000000000002,0.010000000000000002,0.010000000000000002,0.46263115974276287,0.097,0.1583129064997848,0.053500000000000006
152,152.0,152.0,0.0716847816435239,0.09024048957316746,0.025621110149330543,0.010000000000000002,0.010000000000000002,0.02179013939081053,0.010000000000000002,0.010000000000000002,0.010000000000000002,0.46930364026429167,0.1350953581151898,0.08529898949084298,0.05096549137284321
153,153.0,153.0,0.039051153481151075,0.10105517548835416,0.05370546574494983,0.010000000000000002,0.010000000000000002,0.04778787878787879,0.010000000000000002,0.010000000000000002,0.010000000000000002,0.4702773227274147,0.09789690721649486,0.08662659216946372,0.0535995043842928
154,154.0,154.0,0.11018626625203225,0.060576960453208414,0.09585799341457041,0.010000000000000002,0.010000000000000002,0.010000000000000002,0.010000000000000002,0.010000000000000002,0.010000000000000002,0.45218829255081266,0.097,0.10837410314858512,0.01581638418079097
155,155.0,155.0,0.08780499278695222,0.023224918845113976,0.09902027621264278,0.010000000000000002,0.010000000000000002,0.010000000000000002,0.010000000000000002,0.010000000000000002,0.010000000000000002,0.4431085848096705,0.1717430939226519,0.10509813342296837,0.010000000000000002
156,156.0,156.0,0.14361604738434425,0.05910911005792523,0.06374958018111324,0.010000000000000002,0.010000000000000002,0.010000000000000002,0.010000000000000002,0.010000000000000002,0.010000000000000002,0.43452654800793633,0.1465491772271139,0.08244953714156694,0.010000000000000002
157,157.0,157.0,0.11424262737248832,0.0469506285126967,0.09964593601220113,0.010000000000000002,0.010000000000000002,0.08282294334712308,0.010000000000000002,0.010000000000000002,0.010000000000000002,0.36589506898130086,0.1318922788309636,0.09855051694322615,0.010000000000000002
158,158.0,158.0,0.08152239335567825,0.018557377049180326,0.11752639948963015,0.010000000000000002,0.046982758620689666,0.011589700996677745,0.010000000000000002,0.010000000000000002,0.010000000000000002,0.346577096420816,0.1651328310855183,0.14201035994931846,0.030101083032490976
159,159.0,159.0,0.022372074781077708,0.011079870480302212,0.08539642282716663,0.010000000000000002,0.010000000000000002,0.0423936170212766,0.010000000000000002,0.010000000000000002,0.010000000000000002,0.4980115497631517,0.06662623341949045,0.17221953362725545,0.05190069808027923
160,160.0,160.0,0.1636776245983832,0.010000000000000002,0.10709364765880336,0.010000000000000002,0.010000000000000002,0.010000000000000002,0.010000000000000002,0.010000000000000002,0.010000000000000002,0.48668467563313234,0.08021850835018093,0.08232554375950006,0.010000000000000002
161,161.0,161.0,0.10230538593534373,0.010000000000000002,0.10332096698395551,0.010000000000000002,0.010000000000000002,0.04182926829268293,0.010000000000000002,0.010000000000000002,0.010000000000000002,0.4615839092391264,0.12631449832242475,0.09464597122646667,0.010000000000000002
162,162.0,162.0,0.1070851081219603,0.04225,0.09818906686605844,0.010000000000000002,0.010000000000000002,0.010000000000000002,0.010000000000000002,0.010000000000000002,0.010000000000000002,0.4555173815014542,0.10561709939680038,0.05196268712105847,0.07937865699266812
163,163.0,163.0,0.058086442497028844,0.030855292050944227,0.1154013903539293,0.010000000000000002,0.010000000000000002,0.010000000000000002,0.04602141582391434,0.010000000000000002,0.010000000000000002,0.46575785023974214,0.06875215038989473,0.051131811769126234,0.11399364687542006
164,164.0,164.0,0.042329047559668306,0.016698398252639246,0.11556667036575818,0.010000000000000002,0.010000000000000002,0.010000000000000002,0.010000000000000002,0.010000000000000002,0.010000000000000002,0.5428402174561648,0.08218358033056512,0.10853011629631407,0.03185196973889024
165,165.0,165.0,0.08020968711560136,0.025064558102292068,0.16194450422211795,0.010000000000000002,0.010000000000000002,0.05567031380874367,0.010000000000000002,0.010000000000000002,0.010000000000000002,0.46438122563756556,0.09438353142593751,0.033671015389331524,0.034675164298410235
166,166.0,166.0,0.07904662176466608,0.054941309758255244,0.11167511652470312,0.010000000000000002,0.05231147540983607,0.011067338664856112,0.010000000000000002,0.010000000000000002,0.010000000000000002,0.49674334434709183,0.0546459430979979,0.0803697947205934,0.01919905571200021
167,167.0,167.0,0.07433669627048356,0.056502462180701776,0.17192799030537037,0.010000000000000002,0.010972067039106147,0.010000000000000002,0.010000000000000002,0.010000000000000002,0.010000000000000002,0.4222969553488798,0.1120075247976284,0.037380500227015744,0.06457580383081393
168,168.0,168.0,0.10316625204050274,0.06755344084483027,0.17173806575452116,0.044178571428571435,0.010000000000000002,0.010000000000000002,0.010000000000000002,0.010000000000000002,0.010000000000000002,0.3960942442679298,0.059479805677519204,0.09633214575932113,0.011457474226804121
169,169.0,169.0,0.12979977521769395,0.09449476439790577,0.164290242792132,0.010000000000000002,0.010000000000000002,0.010000000000000002,0.010000000000000002,0.010000000000000002,0.010000000000000002,0.3938541446916132,0.053500000000000006,0.09406107290065491,0.010000000000000002
170,170.0,170.0,0.08962397672674416,0.05700000000000001,0.13776712513956932,0.010000000000000002,0.010000000000000002,0.010000000000000002,0.010000000000000002,0.010000000000000002,0.010000000000000002,0.4261167542676376,0.09350000000000001,0.12599214386604876,0.010000000000000002
171,171.0,171.0,0.20886860314516564,0.04116447653951874,0.06815521657360012,0.010000000000000002,0.010000000000000002,0.04435796766743649,0.010000000000000002,0.010000000000000002,0.010000000000000002,0.3885243749655203,0.10005981997037487,0.08314321319381093,0.015726327944572748
172,172.0,172.0,0.1441581217857173,0.07979533678756477,0.02475835303704721,0.010000000000000002,0.010000000000000002,0.0466402450760249,0.010000000000000002,0.010000000000000002,0.010000000000000002,0.44032844030121454,0.1287606182788573,0.07555888473357371,0.010000000000000002
173,173.0,173.0,0.11654876240170439,0.06364636984619329,0.03687823921383861,0.010000000000000002,0.03915425531914894,0.015009090909090906,0.010000000000000002,0.010000000000000002,0.010000000000000002,0.538022362766469,0.09018208892893523,0.05055883061461969,0.010000000000000002
174,174.0,174.0,0.08517955480634022,0.027791820334815774,0.05452915899307157,0.010000000000000002,0.010000000000000002,0.010000000000000002,0.010000000000000002,0.010000000000000002,0.010000000000000002,0.5624827733171862,0.0980044564688716,0.10201223607971474,0.010000000000000002
175,175.0,175.0,0.1529502091842291,0.02740248135862867,0.016761658031088082,0.03708139866115938,0.010000000000000002,0.05101428571428572,0.010000000000000002,0.010000000000000002,0.010000000000000002,0.4954033958208166,0.11469760039368841,0.054688970836103926,0.010000000000000002
176,176.0,176.0,0.1622682204706568,0.05003995780937509,0.0829890179472203,0.016621753664181022,0.04211815896345002,0.010000000000000002,0.010000000000000002,0.010000000000000002,0.010000000000000002,0.4901438936677339,0.06815320273792436,0.037665794739458594,0.010000000000000002
177,177.0,177.0,0.13323673399613006,0.0312597066146289,0.1016228335443919,0.010000000000000002,0.010000000000000002,0.010000000000000002,0.010000000000000002,0.010000000000000002,0.010000000000000002,0.5058600555445862,0.09940625538514562,0.05861441491511723,0.010000000000000002
178,178.0,178.0,0.1196568452163759,0.015010703363914371,0.1420915987724009,0.010000000000000002,0.010000000000000002,0.010000000000000002,0.010000000000000002,0.010000000000000002,0.010000000000000002,0.5085726215203362,0.097,0.04766823112697239,0.010000000000000002
179,179.0,179.0,0.12043883243019489,0.045282686300758594,0.09415884135835809,0.010000000000000002,0.010000000000000002,0.010000000000000002,0.010000000000000002,0.010000000000000002,0.010000000000000002,0.4780863204844817,0.12983000448833024,0.06220331493787633,0.010000000000000002
180,180.0,180.0,0.15640965697551906,0.011303866203301479,0.018785998528120497,0.010000000000000002,0.010000000000000002,0.010000000000000002,0.010000000000000002,0.010000000000000002,0.010000000000000002,0.49174711191713005,0.10926716141001844,0.10498059945382339,0.04750560551208689
181,181.0,181.0,0.11251681749514209,0.043069837046890595,0.010000000000000002,0.010000000000000002,0.010000000000000002,0.010000000000000002,0.010000000000000002,0.010000000000000002,0.010000000000000002,0.5507002410767374,0.11241620879120869,0.04608953280554986,0.06520736278447123
182,182.0,182.0,0.09853767263596117,0.023514563106796123,0.010000000000000002,0.010000000000000002,0.010000000000000002,0.010000000000000002,0.010000000000000002,0.010000000000000002,0.010000000000000002,0.5994336791925197,0.1052524115755626,0.030165826843792952,0.07309584664536742
183,183.0,183.0,0.04032171168467786,0.07392643736273269,0.11819724252825799,0.010000000000000002,0.010000000000000002,0.010000000000000002,0.010000000000000002,0.010000000000000002,0.010000000000000002,0.3832267293068919,0.15426685393258416,0.06675056079443002,0.10331046439042516
184,184.0,184.0,0.07609328717086342,0.07047527141957498,0.06718129226238309,0.010000000000000002,0.019709821428571427,0.010000000000000002,0.010000000000000002,0.010000000000000002,0.010000000000000002,0.4003564022410068,0.19770763881542425,0.07211643433688332,0.046359852325292536
185,185.0,185.0,0.07611014866490148,0.057444852941176475,0.11472547625630684,0.010000000000000002,0.010000000000000002,0.010000000000000002,0.04142360114777619,0.010000000000000002,0.010000000000000002,0.3783036092775965,0.16762007956738717,0.0643296901280486,0.05004254201680673
186,186.0,186.0,0.15373178331705636,0.02269057238015466,0.0410302783618613,0.010000000000000002,0.010000000000000002,0.010000000000000002,0.010000000000000002,0.010000000000000002,0.010000000000000002,0.43682205920580036,0.14045167009431947,0.09761239692197408,0.04766123971883361
187,187.0,187.0,0.09682793371690843,0.010000000000000002,0.02003933850508439,0.010000000000000002,0.010000000000000002,0.010000000000000002,0.010000000000000002,0.010000000000000002,0.010000000000000002,0.5447763105986143,0.1452228232729254,0.1087261049196832,0.014407488986784142
188,188.0,188.0,0.08767573371650617,0.010000000000000002,0.021554687500000003,0.010000000000000002,0.04877173913043478,0.010000000000000002,0.010000000000000002,0.010000000000000002,0.010000000000000002,0.5372767791934504,0.13488941862747839,0.09983164183213013,0.010000000000000002
189,189.0,189.0,0.13273112243625368,0.010000000000000002,0.012779346210995541,0.010000000000000002,0.017230870712401057,0.03779346210995542,0.010000000000000002,0.010000000000000002,0.010000000000000002,0.456108446001999,0.12039016393442614,0.16296658859396895,0.010000000000000002
190,190.0,190.0,0.1803635938912332,0.010000000000000002,0.010000000000000002,0.010000000000000002,0.02036077057793345,0.010638030382399162,0.010000000000000002,0.010000000000000002,0.010000000000000002,0.35532515514069163,0.17013393035400595,0.18274085209341465,0.02043766756032172
191,191.0,191.0,0.080254185956142,0.010000000000000002,0.048692105263157905,0.010000000000000002,0.05111280487804878,0.010000000000000002,0.010000000000000002,0.010000000000000002,0.010000000000000002,0.5060572903597794,0.10348895027624308,0.1364401178120832,0.013954545454545456
192,192.0,192.0,0.16771855603274846,0.010000000000000002,0.053500000000000006,0.010000000000000002,0.010000000000000002,0.010000000000000002,0.010000000000000002,0.010000000000000002,0.010000000000000002,0.46771443254729883,0.05374166666666667,0.14970629713423828,0.03761904761904763
193,193.0,193.0,0.13051205801506433,0.04611320754716981,0.08221770262601422,0.010000000000000002,0.010000000000000002,0.010000000000000002,0.010000000000000002,0.010000000000000002,0.010000000000000002,0.41724580422302404,0.053500000000000006,0.16357824427480916,0.04683298331391819
194,194.0,194.0,0.044884993902014725,0.017208571428571427,0.10813290947623358,0.010000000000000002,0.010000000000000002,0.010000000000000002,0.010000000000000002,0.010000000000000002,0.010000000000000002,0.5075027227127161,0.053500000000000006,0.19646616671887457,0.0123046357615894
195,195.0,195.0,0.05980411740312941,0.043610890696290414,0.10157714642396905,0.010000000000000002,0.010000000000000002,0.010000000000000002,0.010000000000000002,0.010000000000000002,0.010000000000000002,0.5136147835943213,0.053500000000000006,0.1482064639441454,0.019686597938144333
196,196.0,196.0,0.16969979817682196,0.13147469415943175,0.048981935463285976,0.010000000000000002,0.010000000000000002,0.010000000000000002,0.010000000000000002,0.010000000000000002,0.010000000000000002,0.4197774032832583,0.053500000000000006,0.10035188320291621,0.016214285714285712
197,197.0,197.0,0.13801841932703857,0.0638205882352941,0.06635354183685378,0.010000000000000002,0.010000000000000002,0.010000000000000002,0.010000000000000002,0.010000000000000002,0.010000000000000002,0.50382728061182,0.053500000000000006,0.06840075822428764,0.04607941176470588
198,198.0,198.0,0.09538410404197747,0.126149197647742,0.06018780426275503,0.010000000000000002,0.010000000000000002,0.010000000000000002,0.010000000000000002,0.010000000000000002,0.010000000000000002,0.5145490291977695,0.08964788732394366,0.037833358741281894,0.016248618784530384
199,199.0,199.0,0.12002918794186479,0.06978353404529274,0.06415404944872487,0.010000000000000002,0.010000000000000002,0.010000000000000002,0.010000000000000002,0.010000000000000002,0.010000000000000002,0.599461448150858,0.053500000000000006,0.023071780413259673,0.010000000000000002
200,200.0,200.0,0.06581171757782994,0.05540568428674873,0.06234554068097072,0.010000000000000002,0.010000000000000002,0.010000000000000002,0.010000000000000002,0.010000000000000002,0.010000000000000002,0.49152154036031376,0.1197517733011774,0.11127018268914865,0.03389356110381078
