Generations,Unnamed: 0.1,Intertwine_two,Add_vertex,Delete_vertex,Invert_path_vertices,Insert_inside_vertex,Delete_inside_vertex,Replace_inside_vertex,Donate_between_routes,Trim_one_terminal_cb,Grow_one_terminal_cb
0,0.0,0.0999999999999999,0.0999999999999999,0.0999999999999999,0.0999999999999999,0.0999999999999999,0.0999999999999999,0.0999999999999999,0.0999999999999999,0.0999999999999999,0.0999999999999999
1,1.0,0.1029709240283019,0.0996226272035706,0.0991323782234679,0.1000500502143731,0.100199235203735,0.0983616841804106,0.0985310034781025,0.0957991801642931,0.1027393368522969,0.1025935804514479
2,2.0,0.1059512991280428,0.099300359405714,0.098262094308133,0.1006732690636179,0.0994748842108757,0.0973848085421741,0.096536967253116,0.0907758376240927,0.1054305691559434,0.1062099113082899
3,3.0,0.1082932493290633,0.0997095561871824,0.098172015272055,0.1010677846642732,0.0994561136351915,0.0960500380816427,0.0927754158060869,0.0867986668178511,0.1083812794265698,0.1092958807800836
4,4.0,0.1102457370079044,0.1000247615111606,0.0981244357013943,0.1010829547162719,0.099597132557705,0.0942587037271071,0.0903819222608924,0.0822962857991355,0.1116290969795567,0.1123589697388715
5,5.0,0.1133796436466768,0.0994406663360796,0.0975807890200574,0.1015095960049169,0.1007980215961382,0.0931243994987038,0.0862809142405463,0.0782752969976073,0.1147460277737007,0.1148646448855723
6,6.0,0.1150357781222524,0.0992937345604378,0.0980779059903757,0.1020391173815163,0.0998359189014931,0.0922830783381991,0.0836864607221954,0.0749291535733499,0.118283845081571,0.1165350073286086
7,7.0,0.1176319792165157,0.0991510064948596,0.0984001549870926,0.1003335002540583,0.1004368623415907,0.0917071626090029,0.0794260685554632,0.0718282283145451,0.1220910781579113,0.11899395906896
8,8.0,0.119325452015612,0.0991598661107985,0.0988074890319306,0.0996847981551057,0.1002737366462148,0.0905522041157987,0.0756618982763945,0.0695352425644275,0.1264220413538571,0.12057727172986
9,9.0,0.121365174639768,0.0994317434052428,0.0998331356767763,0.0984240751739838,0.099597450424072,0.0894768469069756,0.0724669401221147,0.0670437548847831,0.1311783547075837,0.1211825240586994
10,10.0,0.1232294628414929,0.1002598892596732,0.1005397525355254,0.0963414968574879,0.098624919481974,0.0891649871439559,0.0701742013894178,0.0647227399031782,0.1352379319715483,0.1217046186157456
11,11.0,0.1239926215816777,0.0986512957576925,0.1012436461836401,0.0945368269305538,0.0965951577801152,0.0908289899828224,0.0678673536849558,0.0632876239033349,0.1397184008977713,0.1232780832974358
12,12.0,0.125684218762507,0.0986790659965374,0.1018786161708964,0.0917359709598819,0.0948057810655856,0.0900472221303181,0.0656218957192172,0.061455469846547,0.1463735735943925,0.1237181857541164
13,13.0,0.1274601990924816,0.0985069667565755,0.1024146399702736,0.0894966114195765,0.0950525872072538,0.0888976688077925,0.0633591768002438,0.0602552116628049,0.1503927070909308,0.1241642311920664
14,14.0,0.1299741302669359,0.0975513000807065,0.1045564836488588,0.0877259137685382,0.0948663121237911,0.0871069977413044,0.0600942440922067,0.0580543005630777,0.1540146886354153,0.1260556290791646
15,15.0,0.1303713125336829,0.0964416869710349,0.1050091029351726,0.0859144716725028,0.0937484024395464,0.0855531635986698,0.0574529650505316,0.0580063881023697,0.1582405495915939,0.1292619571048948
16,16.0,0.1311569610300093,0.0973456399961499,0.1056092506862659,0.0835195697750165,0.0929679978638929,0.0849889426427391,0.0548575126063974,0.056467740740246,0.1619118717802367,0.1311745128790458
17,17.0,0.1339300962001678,0.0972685715087748,0.1063936270759825,0.0816634107500395,0.0932408816970355,0.0839460588483319,0.0518941657130512,0.0554554189373396,0.1640564766512527,0.1321512926180239
18,18.0,0.1341645476833303,0.0981677749108935,0.1077000510212623,0.0792887947255443,0.0914998385652481,0.0846744651163966,0.0491314329789144,0.0541549972115071,0.1668747687625925,0.1343433290243103
19,19.0,0.135731210473767,0.0984060731529187,0.1072523247028345,0.0768487593581394,0.0906085519664619,0.0852667133197574,0.0468562360308141,0.0537307487514484,0.1701022433474313,0.1351971388964268
20,20.0,0.1374686787185423,0.0977742630988581,0.1076438247977323,0.0761195467299166,0.0896610102327214,0.0857934450978945,0.0433470393620337,0.0524238740653452,0.1742623508054387,0.1355059670915167
21,21.0,0.1376461074015959,0.0978650791741751,0.1077274140814326,0.0771309833677014,0.0873331416091031,0.0853746134033189,0.0423716464452304,0.0513042703618636,0.1765724369267954,0.136674307228783
22,22.0,0.1393883809927352,0.097138068170176,0.1062799060626219,0.0762494052591884,0.087778454979833,0.0854715002166194,0.0409326322539762,0.0516916696889273,0.1793973907554125,0.1356725916205098
23,23.0,0.141160694079948,0.0993948279921324,0.1090791055068649,0.0722787534230666,0.0867163730729311,0.0858157489475889,0.038664617772975,0.051751707356822,0.1805436666731732,0.1345945051744973
24,24.0,0.1442791782584738,0.1002069509914145,0.1105322128387776,0.0687349195848672,0.0841182186233247,0.0861030373854688,0.0357652274957361,0.0505679288926776,0.185699386180648,0.1339929397486112
25,25.0,0.1453035638243357,0.0996764314014364,0.10996000230208,0.06711739093901,0.0870034751338082,0.0863259546121602,0.033440358049009,0.0514096200026154,0.188105915724464,0.1316572880110806
26,26.0,0.1458584888654606,0.098685441640163,0.1105501510053969,0.0654914252739534,0.0873178960833332,0.0861643457310654,0.0314694969190494,0.0506005236687308,0.1926753579491371,0.1311868728637096
27,27.0,0.1511274789984634,0.0990680398139308,0.1087943793269239,0.0633526640313158,0.086115367765872,0.086750594953766,0.0300995110232324,0.0500967675148002,0.1958715890296438,0.1287236075420512
28,28.0,0.1542954672811306,0.0997156080016975,0.1127119598728082,0.0601080333443354,0.0852969801976412,0.0889069005279952,0.0281131050711913,0.0488036418231396,0.1974554229804586,0.1245928808996019
29,29.0,0.1558055190605531,0.0993368985971238,0.1124225901435952,0.0601819978611731,0.0848200950246631,0.08919233663986,0.0280897845554532,0.0473420314546645,0.1989802463952217,0.1238285002676917
30,30.0,0.1580990207174772,0.1003663271533217,0.113086540384348,0.0604175165286023,0.0840852953500645,0.0888556018475328,0.026877059502383,0.0483892462587269,0.2005853941453837,0.1192379981121595
31,31.0,0.1614806617903683,0.1009295274861902,0.1108958729936779,0.0599502107543978,0.0833140294278717,0.0876879178440274,0.0258254068067169,0.0503890558285137,0.2026141790883814,0.1169131379798541
32,32.0,0.1643074129954447,0.1012444505351783,0.1101651647855639,0.0597978762368398,0.0821999009112076,0.0867886029725867,0.0252164128700416,0.0504922422938832,0.2057520265166596,0.1140359098825941
33,33.0,0.1677300098676463,0.1009704998270257,0.1074018428538977,0.0578610705633704,0.0788330975660843,0.0887990542273244,0.0247589400116779,0.0511688562433064,0.2113496430015771,0.1111269858380893
34,34.0,0.1727724536939732,0.0990981648351234,0.1045785400961127,0.0565162659406017,0.0751675835204002,0.090158992801098,0.0248507792468733,0.0517565666287101,0.2151607320564214,0.1099399211806855
35,35.0,0.173341007431245,0.0955678126244797,0.1124546102597995,0.0529587593257809,0.0765807360240285,0.0906543191809728,0.0241103260024903,0.0520943638565416,0.2156300621131092,0.1066080031815518
36,36.0,0.1787187978165942,0.092064002301703,0.1123673236112087,0.050214727962035,0.0748042399527456,0.091582583774986,0.0235028148225208,0.0505261227931309,0.2228392340686562,0.1033801528964192
37,37.0,0.1821108286382978,0.0894270115341578,0.1119374921062748,0.0479422632488845,0.0733397545667154,0.0918415632366023,0.0257209803438672,0.0481770078690133,0.2292782222971023,0.1002248761590842
38,38.0,0.187657402861599,0.0851708321376825,0.1093968873869245,0.0466951984758734,0.0711384656055608,0.0917136851972373,0.0260471614721613,0.0463134149427622,0.2336462747844889,0.1022206771357098
39,39.0,0.1922693076496528,0.0853783376445492,0.1109705379508623,0.0435205967936455,0.066849524296559,0.0954048062777362,0.0259261306718772,0.0447370964339361,0.2359988850150879,0.0989447772660936
40,40.0,0.1970102520389147,0.0841182610582622,0.1133897543476239,0.0414284113447652,0.0633871607857838,0.0950641420523503,0.0260950459263719,0.0434542907398151,0.2403506668499776,0.0957020148561351
41,41.0,0.2059983347270104,0.0856060043438414,0.1127255836907001,0.0390444375859575,0.0587466780525587,0.0937607718933479,0.0259178710917192,0.0417090220376641,0.2435728399851598,0.0929184565920407
42,42.0,0.214441585029905,0.085247314807124,0.1136443363742238,0.0364273360476223,0.0572533364251849,0.0941779982610289,0.0267472776947267,0.0397261597044108,0.2442020930034445,0.0881325626523288
43,43.0,0.2177745594869363,0.085054247355806,0.1130740350468711,0.0340076713026444,0.0534504764992294,0.0985283449109297,0.0266730324618853,0.0397514194749847,0.2466430624710166,0.0850431509896963
44,44.0,0.2204205968409666,0.0842729657452227,0.1106144761836304,0.0317898963191379,0.0513406513650769,0.0997375225483398,0.0266394814277092,0.0393539835629924,0.2495585851122919,0.0862718408946321
45,45.0,0.2296047353895351,0.0837961004351069,0.1088034335619217,0.0303228068881124,0.0503471361145816,0.0984986904946818,0.0266428906826735,0.038279323591373,0.2484585218012269,0.0852463610407867
46,46.0,0.2350179193904958,0.0833419731993216,0.1102484909211169,0.0285070720157188,0.0486672922930798,0.0955073119620204,0.0266795301053148,0.0366614983245522,0.2516047118597123,0.0837641999286672
47,47.0,0.2438610033891421,0.08438678374047,0.1083859841813318,0.0277555978791148,0.0487865334777186,0.0939213626888174,0.0267457102846387,0.0351388406011681,0.2504831605875891,0.0805350231700092
48,48.0,0.2478055140565723,0.0816441548805025,0.1026988681520839,0.028994202259145,0.0481628157338728,0.0915770280121686,0.0275541633919507,0.0337170602441106,0.2557139673251748,0.0821322259444185
49,49.0,0.2528494219653862,0.0799295519385235,0.102925636720796,0.0279721997828985,0.0460961883936546,0.0918579870479869,0.0276615163107219,0.0324002873203178,0.2590541420320227,0.0792530684876917
50,50.0,0.2552142750096648,0.0782897822340542,0.10028378954906,0.0268392894171443,0.0448055944596492,0.0921869576297525,0.0277815187745087,0.0324838428504879,0.2613993772328924,0.0807155728427857
51,51.0,0.2570969175389315,0.0814841149868966,0.1007888496153359,0.0258512771937941,0.0442758632679392,0.0899385832446856,0.0279117058041717,0.0327143935055459,0.2616801087403678,0.0782581861023316
52,52.0,0.2610910231117474,0.082701022927682,0.0983774661804233,0.0250035534208409,0.0423809205501629,0.0862528414127659,0.0280497570728267,0.0316855251960966,0.2623369242760053,0.0821209658514488
53,53.0,0.2636215981133489,0.082240500317156,0.0986399330890566,0.0242905664909747,0.041485755299344,0.0833273832944728,0.028193505643888,0.0307426884656312,0.2623829775872436,0.085075091698884
54,54.0,0.2645787687852525,0.0795935907216323,0.0982329403970916,0.0245417227313545,0.0418981324857961,0.0870437270281,0.0283409443014042,0.029886708523556,0.2612966778321577,0.084586787193655
55,55.0,0.2640349230425673,0.0757292110324446,0.0999805465995825,0.0240701709924305,0.0404980957331503,0.086332435151438,0.0284902296501548,0.0291174594904528,0.2618817339642937,0.0898651943434853
56,56.0,0.2699567947390197,0.0750782544144765,0.0973734503617266,0.0237050727174746,0.0394616229007143,0.0831380246570828,0.0307909513796621,0.0284339607657553,0.2615773538533085,0.0904845142107793
57,57.0,0.2718638613502363,0.0812829712587246,0.0950901955827401,0.0234394335428396,0.0379831916702483,0.077972669573097,0.0312414001412198,0.0297879995893392,0.2583118573542752,0.0930264199372795
58,58.0,0.275877013784965,0.0807591882904748,0.0955928219135979,0.0232659639502397,0.0370131917965203,0.0762604777197059,0.0313429257364635,0.0292505799795491,0.2603025249216277,0.0903353119068557
59,59.0,0.2750163021534671,0.0775789741153045,0.0959713624608066,0.0252323877081178,0.0369982885377037,0.0748221837400296,0.0314208695148183,0.0287743965309425,0.2577407971013983,0.0964444381374114
60,60.0,0.2735386268042399,0.0781744655604217,0.0983694994158918,0.0267757847741437,0.0364440172715347,0.0728377722222812,0.0314768102201894,0.0283580874618872,0.2582937974410795,0.0957311388283306
61,61.0,0.2761629437830254,0.0801975334471119,0.0950333751003384,0.0271871798601969,0.0348171860919182,0.069483519120716,0.0315123887528214,0.0279998284251185,0.2618376967168811,0.0957683487018718
62,62.0,0.2697197328614857,0.0819321379116408,0.0950973243706652,0.0272182213812899,0.0363529437819562,0.0693158006889364,0.0315292855446621,0.0276973970077755,0.2619219354673614,0.0992152209842266
63,63.0,0.2646085381813278,0.0780900967121432,0.0945047157598123,0.0337948280289708,0.03492832641382,0.0670119558905156,0.0315291998018721,0.027448234762089,0.2630869499224096,0.1049971545270393
64,64.0,0.2631118802052872,0.0760169641565559,0.0974773835004954,0.0340335328713115,0.0359140523649712,0.0664789194219294,0.0315138306353423,0.0272495063933503,0.2637371020306291,0.1044668284201274
65,65.0,0.2596961925364595,0.0709439634048445,0.1003616107431557,0.036761202157381,0.0346566168354068,0.0659466874202378,0.0314848600791122,0.027098155797552,0.2660886134783915,0.1069620975474589
66,66.0,0.2568335886401975,0.0677028153414627,0.1041267199757908,0.0373452873806279,0.0350562257748468,0.0667938253350201,0.0314439379777139,0.026990958703358,0.2677405198816084,0.1059661209893737
67,67.0,0.2585763954176118,0.0674179068502478,0.1101091684044103,0.0387187019941704,0.0361532482292563,0.0646963990083911,0.0313926687066783,0.0269245717315498,0.2639906738663118,0.1020202657913723
68,68.0,0.2501234204225209,0.065410481093856,0.1114572361741204,0.0390084465823518,0.0390041593111459,0.0691683358708502,0.0313325996756794,0.0268955777396069,0.2593827114558699,0.1082170316739985
69,69.0,0.2486290251550993,0.064203784369521,0.110905916192627,0.0400570307421266,0.0388684183727585,0.0706309479988273,0.0312652115510237,0.0269005273694622,0.2596561176432895,0.1088830206052647
70,70.0,0.2466163281292008,0.0644524202369177,0.1082413664193838,0.0400441538055639,0.0401695455603551,0.0746873299495137,0.0311919101233233,0.0269359767626374,0.2596607287059476,0.1080002403071564
71,71.0,0.2483457516064599,0.0659498368175533,0.1052428315567574,0.0409874649146499,0.0415471543714838,0.074096061503069,0.0311140197371597,0.0269985214488687,0.2595820648609503,0.1061362931830477
72,72.0,0.2429369954432618,0.0700180603650649,0.1087397460875329,0.041007993394445,0.0411894738364011,0.0752011292983836,0.0310327781922409,0.0270848264519882,0.2591745041433972,0.1036144927872843
73,73.0,0.2421780835988717,0.0738742642375579,0.1055053003573548,0.0418056987890231,0.0414052676198196,0.0743135290448615,0.0309493330198915,0.0285437083112716,0.2599730583800771,0.1014517566412709
74,74.0,0.2387208773150133,0.074529837850332,0.1102731378708023,0.0411852376399459,0.0422662185722681,0.0714215562441495,0.0330713962079495,0.0286544148426177,0.2568634106167167,0.1030139128402046
75,75.0,0.2337529109628846,0.0706709760621175,0.1086122268165127,0.0421871403098243,0.0445118470030901,0.0734491687002285,0.032964547659088,0.0287675065724031,0.2603049944021143,0.1047786815117366
76,76.0,0.2324766338230951,0.0677850204694657,0.1076172457610234,0.0417987416443149,0.0435979280700521,0.0719692930085241,0.0328387384885217,0.0288816140634859,0.2655208339835163,0.1075139506880004
77,77.0,0.2269693951606199,0.0672840585305382,0.108512612861468,0.0449280866019689,0.0434536351435824,0.0712287202642452,0.0343675525419148,0.0289954946648256,0.2621429689364332,0.1121174752944036
78,78.0,0.2257335812493529,0.0656442491032126,0.1054851040386875,0.0440852762823361,0.044786362913832,0.068327983411168,0.0341964229419403,0.0306628369909575,0.268629142921064,0.1124490401474489
79,79.0,0.2237309878745305,0.0631069663684354,0.1121661097711868,0.0431858942318431,0.0435963438058834,0.0658441074064701,0.0340004420725438,0.0307574924561496,0.2720036614665853,0.1116079945463717
80,80.0,0.2206737488309448,0.0629423198402735,0.1134783762148819,0.0432226235510017,0.0439447722723232,0.0654927794831826,0.0359930290660338,0.030835107450261,0.2724176949081847,0.1109995483829124
81,81.0,0.2265427805970493,0.0607700757175476,0.1101247748793152,0.0422432248065059,0.0457988581223086,0.0622607875269568,0.0363357465606803,0.0308966098704587,0.2754237489097201,0.1096033930094572
82,82.0,0.2253467736783085,0.0634168352803025,0.1075003982493379,0.0423266661646064,0.0455042300327453,0.062902301638322,0.0360431781989016,0.030942995949932,0.2752675011850545,0.1107491196224889
83,83.0,0.2263524563770175,0.0633764708987886,0.1068336008741316,0.0412998974966602,0.0465819016623401,0.0635171178443827,0.0357194348913117,0.0309753134619586,0.2718958036637859,0.1134480028296226
84,84.0,0.2286330786121586,0.0656258919222,0.104194963789173,0.0402628067205419,0.0466052216383615,0.0616291605493277,0.0353708715655677,0.030994646088163,0.2709492669757384,0.1157340921387677
85,85.0,0.2303826072926312,0.0681897502907255,0.1014835449114511,0.0392267969548301,0.0456993049911153,0.0612854851722659,0.0363188831808064,0.0325367642022733,0.2685695582777975,0.1163073047261034
86,86.0,0.2310911417750504,0.0686536590425409,0.1026843711680055,0.0382021201961411,0.0454640646925764,0.0580537207783051,0.0359250202110556,0.0325181041726827,0.271062899364535,0.116344898599107
87,87.0,0.2305893568318943,0.0713780071509139,0.1022272292996312,0.038193173348411,0.0440663286783761,0.0573114582700281,0.0355112933361693,0.0324761291043243,0.2726188305789648,0.1156281934012867
88,88.0,0.2284662729578914,0.0739296935263107,0.0994768122478175,0.0376229013852904,0.0426677029788122,0.0546558423015989,0.03508382621541,0.0324135902517585,0.2760158041640635,0.1196675539710467
89,89.0,0.2222676636140965,0.0759897024092493,0.1027523205320058,0.0366595072806288,0.0412822628194165,0.0544587646530762,0.0346482675445724,0.0323331693819317,0.2768687416446024,0.1227396001204201
90,90.0,0.2228277210023509,0.0737098330161855,0.1017002400612825,0.0357258575136271,0.0432745098179601,0.0538324038081637,0.034209782065373,0.0322374589052682,0.2806601221280355,0.1218220716817534
91,91.0,0.2244440072898929,0.0740520385245021,0.1084174286369614,0.0348283141481892,0.0424557323665181,0.0523156538753847,0.0337730473134397,0.0321289448872185,0.2774488282188466,0.1201360047390465
92,92.0,0.2222735113131962,0.0747086600783937,0.1112999996326994,0.0389850231702417,0.0417761242569392,0.0518150291416049,0.0344351923665393,0.0320099928221015,0.2761751511417311,0.1165213160765527
93,93.0,0.223862934137155,0.0726866590326767,0.1148801223895488,0.0382493774629654,0.041493862948976,0.0524748598702399,0.034003127867987,0.033965806408041,0.2742362155376662,0.1141470343447439
94,94.0,0.2221875920432638,0.0725829698243588,0.1134744574550209,0.0400993011559115,0.042124208117934,0.0525616424727177,0.0335742385406101,0.0343530474626394,0.274634489314205,0.1144080536133387
95,95.0,0.2224893186054507,0.077543857375198,0.1124358241025848,0.0394299071446996,0.043004425740468,0.0511904655177887,0.0331524957605647,0.0341708277330113,0.2754659827627881,0.1111168952574458
96,96.0,0.222891672924465,0.0798446649135735,0.1078802802721497,0.0385507246355047,0.0429707844830306,0.0506918831475502,0.0327414023009183,0.0339651216990159,0.277661415069594,0.1128020505541979
97,97.0,0.2223605641109229,0.0788352075414551,0.1108901017992149,0.0376739531308742,0.0439978258834098,0.0496490916220691,0.0323440041642273,0.0337403350514299,0.2761707568583536,0.114338159838043
98,98.0,0.2245043930853431,0.0765183281096043,0.1091055425227683,0.036808119245398,0.0436060991936089,0.0477426087311845,0.0319629057995631,0.0335006237180882,0.2793084123898695,0.1169429672045718
99,99.0,0.2208531676960073,0.0781107397157778,0.1081526327927023,0.0359607875560155,0.0432581436482712,0.0491860728776604,0.0316002882133697,0.0332498772808998,0.2803633250027393,0.1192649652165564
100,100.0,0.2239357249122944,0.0772211374259251,0.1071049919607933,0.035138581160011,0.0457575246868953,0.0494821584727886,0.031257929503662,0.0329917067146212,0.2789721984438701,0.1181380467191385
101,101.0,0.2227084981089659,0.0764267993940734,0.1025478198462047,0.0343472095920069,0.0444151457146579,0.0549945402939303,0.0334663339400649,0.0327294361378243,0.2789713385766691,0.119392878395602
102,102.0,0.2248319351890769,0.0748148726827328,0.1018326688625272,0.0335915030848832,0.0445618636536932,0.0553760054812954,0.033143038680268,0.0324660982573288,0.281185775712903,0.1181962383952912
103,103.0,0.228787915376749,0.0744662023439195,0.1024535603477379,0.0338215025775095,0.0458498051641728,0.054474371679063,0.0328206425596481,0.0322044331823096,0.2794034194314501,0.1157181473374402
104,104.0,0.2320761603478704,0.0715888227999628,0.1034103656280265,0.0331388417532002,0.0459074509528369,0.0551085999029565,0.0325022796254937,0.0319468902829692,0.2765521534192451,0.1177684352874382
105,105.0,0.2358410877825119,0.0708168302035396,0.1023502564505782,0.0324930585937899,0.0445019558452913,0.0538987984607532,0.0321907301884999,0.0316956327707332,0.2820618496679112,0.1141498000363913
106,106.0,0.2390649052004606,0.0678481371886972,0.1035848231882301,0.0318869231643826,0.0430919906900473,0.0596213117690938,0.0318884283933204,0.0314525446820134,0.2794881998616395,0.1120727358621147
107,107.0,0.2431688569384682,0.0692687671096314,0.1004883458362723,0.0313225320462723,0.0416921021434273,0.0607269417260583,0.0315974724937257,0.0312192399553455,0.2747860635869187,0.1157296781638801
108,108.0,0.243587853601207,0.0656407819869502,0.1048055675701689,0.0308013547195103,0.0427929327547766,0.0619559738564793,0.0338629746969371,0.0309970733017909,0.2717541992891711,0.1138012882230085
109,109.0,0.2429125441177324,0.0652038853213725,0.1061816869397149,0.0303242815782293,0.0442232261672992,0.0615879413173389,0.0335742934188524,0.0307871525805739,0.2740332052760936,0.1111717832827927
110,110.0,0.2406938622218931,0.0661366626137381,0.1062217138140216,0.0316950980497448,0.0451970711914401,0.0598024426787333,0.0385949292983111,0.0305903524056728,0.2736859687907118,0.107381898935733
111,111.0,0.2392370192259232,0.0657387993263012,0.1057767948478283,0.0324268755765163,0.0454655963830644,0.0611830826668872,0.0382429795293098,0.0304073287242051,0.2767331052387671,0.1047884184811972
112,112.0,0.2374155543085899,0.0660108048380833,0.1064849903331142,0.0340689495781225,0.0449108979923712,0.0627878005762771,0.0378437949419155,0.0302385341236421,0.2745609606817776,0.1056777126261065
113,113.0,0.2383614401064758,0.064536560815975,0.1058392789518297,0.0340339545939599,0.0434988817547345,0.0650472871894294,0.0374060908638415,0.030084233641899,0.274901232313286,0.106291039768569
114,114.0,0.2375294030697042,0.0648512703965961,0.1041519893127248,0.033641145014235,0.043892452405327,0.0644801052401091,0.0369380962849364,0.0299445208719112,0.276611939006794,0.1079590783976619
115,115.0,0.2413807789981162,0.0648637715929143,0.1026622998892019,0.0332512049423403,0.0424883047929954,0.0636960776058551,0.0364475202010725,0.0298193341702031,0.2751379207698708,0.1102527870374302
116,116.0,0.2419475867497644,0.0620233189151588,0.1007289142946851,0.0328677468282117,0.0429043196768724,0.0621717202977205,0.0359415265235843,0.0297084727969638,0.2763858015656503,0.1153205923513886
117,117.0,0.2389823920441217,0.060798616491277,0.1024736152614622,0.0324939570572138,0.0415255221709781,0.0613762034273062,0.035426716948609,0.0296116128330787,0.2781127798242525,0.1191985839417008
118,118.0,0.2417442512829698,0.0612934462077692,0.1022655654631996,0.0321326066927435,0.0417428951180596,0.0589825405564511,0.0349091211616452,0.0295283227372514,0.2795111426175177,0.1178901081623928
119,119.0,0.2430445786530877,0.0627495554722402,0.0992508558551444,0.0317860652977928,0.0408718553545641,0.0581869577229288,0.0343941937417613,0.0294580784236343,0.2802746702218575,0.1199831892569885
120,120.0,0.2473932457159882,0.0622790599272295,0.1043864732070925,0.0314563173893593,0.0395589506335741,0.0577826560168501,0.0338868171264482,0.0294002777571426,0.2744662341803822,0.119389968045933
121,121.0,0.2525534764084892,0.0609003115000029,0.0998752548069275,0.0311449810978755,0.0394474191167019,0.056679112855157,0.0333913100014019,0.0293542543797286,0.2789969475555578,0.1176569322781574
122,122.0,0.2482449734593065,0.0702958684476029,0.0952185291327048,0.0336018493482653,0.0382034615458308,0.0587943895386521,0.0329114404888463,0.0293192907962587,0.2782032782255987,0.1152069190169337
123,123.0,0.2448892207576996,0.0763029405907897,0.0948575199080538,0.0333033436287999,0.0370018651165885,0.0596391317858614,0.0324504435226577,0.0292946306631732,0.2798097518080281,0.1124511522183478
124,124.0,0.2465184752054186,0.0760961482906275,0.0892117431441114,0.0330016550449931,0.039428373333046,0.0577588553118807,0.0320110418178614,0.0292794902367645,0.2816986135177206,0.1149956040975759
125,125.0,0.2424745704572614,0.0763865533246099,0.0870047529707102,0.032700118769117,0.03829777970598,0.0559783977366462,0.0315954698653661,0.0292730689506291,0.2888416730905175,0.1174476151291624
126,126.0,0.2365139471730074,0.0766127738935068,0.0915442731339935,0.0324017349331373,0.0371972676445607,0.0585520882094253,0.0312055004094667,0.0292745591036009,0.2888296835787959,0.1178681719205052
127,127.0,0.2325823029770394,0.0776322709794808,0.0949795872262743,0.0321091721314243,0.0361348341128378,0.0608778732330545,0.0308424728950626,0.0292831546502395,0.2859921495281594,0.1195661822664271
128,128.0,0.2367115582555464,0.0747675125689652,0.0949460242682061,0.0318247738885683,0.0351172955931589,0.0603737943750794,0.0305073234031482,0.0292980590957119,0.2877358880197634,0.1187177705318519
129,129.0,0.2338850717403166,0.0748044955544863,0.0960132441518245,0.0315505677311122,0.0341503379695162,0.0624811521318711,0.0302006156263938,0.0293184925056799,0.2900822504699978,0.1175137721188012
130,130.0,0.2334498805397166,0.0735293580602858,0.0964107181800384,0.0312882765120906,0.0332385727285426,0.0609112778472713,0.0299225724710509,0.0293436976495943,0.2910050374940441,0.120900608517365
131,131.0,0.2338123645007565,0.0753118740664516,0.0922240190683753,0.0310393316498502,0.0395718679242655,0.0624375545632168,0.0296731079065318,0.0293729453026213,0.288613027702281,0.1179439073156495
132,132.0,0.2319264530764426,0.0754318985007344,0.0906209744563555,0.0308048879573354,0.0404359258672518,0.06189730068594,0.0294518587193993,0.0294055387373195,0.2915891698676752,0.1184359921315459
133,133.0,0.2295555672054133,0.0811101698138419,0.0955832908761949,0.0305858397544988,0.0399676433420373,0.0603492038489058,0.029258215863786,0.0294408174411746,0.2893977872347998,0.1147514646193472
134,134.0,0.2301431348631004,0.0786077496152102,0.0997414417803811,0.0303828379744008,0.0437913891629247,0.0573353210642872,0.0290913551350962,0.0294781601002324,0.2882641620043721,0.1131644482999946
135,135.0,0.2335107378327551,0.0810763227400765,0.1007104539477766,0.0301963079925685,0.0432851355741156,0.0543494733474877,0.0289502669279244,0.0295169868923821,0.2847949468233033,0.1136093679216097
136,136.0,0.2369631921687405,0.079591978010096,0.1013409340970542,0.0300264679289939,0.0423048720002813,0.0514187156688932,0.0288337848721906,0.0295567611363931,0.2852565880401524,0.1147067060772044
137,137.0,0.2413084839256628,0.0786824770900758,0.0979220987532717,0.0312096250783978,0.0412995860638275,0.0504376356417447,0.0287406131733082,0.029596990344639,0.2848909119522175,0.1159115779768547
138,138.0,0.2443830015697964,0.0776830367117561,0.0983009722724547,0.0310597201647574,0.0402818328603809,0.0494880056960742,0.028669352512581,0.0296372267286139,0.2859970603083745,0.1144997911752104
139,139.0,0.2466237170896513,0.074526761810159,0.1019778924414598,0.0309142085408334,0.0392630366486751,0.0510880774526124,0.0286185243928007,0.0296770672069052,0.2865873704673443,0.1107233439495582
140,140.0,0.2504247931128009,0.0805599301317989,0.0977032179114033,0.0307741059938935,0.0406535773626478,0.0499618157558902,0.0285865938410704,0.0297161529652984,0.2814014626827555,0.1102183502424407
141,141.0,0.2539833936764865,0.0800817517394379,0.095410520820255,0.0306402726417087,0.0407611026443474,0.0473944503961544,0.0285719904061025,0.0297541686181992,0.2824716199736292,0.1109307290836789
142,142.0,0.2597204091581674,0.0779725586320962,0.0954182485822938,0.0305134198983253,0.0397398763864523,0.0467249787290678,0.0285731274105703,0.0297908410196279,0.2838942805688372,0.1076522596145613
143,143.0,0.260998245769757,0.073323564846739,0.1014940136432046,0.0303941182302969,0.0387233739904822,0.0461589094207221,0.0285884194404856,0.0298259377707175,0.2868248197897793,0.1036685970978153
144,144.0,0.2601780507715611,0.071153314323957,0.1010205757277349,0.0302828055467684,0.0402073887583637,0.0460748976257393,0.0286162980730046,0.029859265468991,0.2921418991080647,0.100465504595815
145,145.0,0.2622352617238246,0.0716665536109133,0.1003547219705728,0.0301797960761251,0.0392034375641299,0.0462219534558653,0.0286552258615416,0.0298906677427472,0.2952562666380668,0.0963361153562131
146,146.0,0.267675758841683,0.0691886211915834,0.1042655231731769,0.0300852895917849,0.0405335564859912,0.0443101929678022,0.0287037086126094,0.0299200231117003,0.293631597986094,0.0916857280375741
147,147.0,0.2666999135650565,0.0711779630536013,0.1024206350807397,0.0299993808599608,0.040864616436187,0.0421962400468469,0.0287603060024444,0.0299472427126411,0.2925152056835889,0.0954184965589329
148,148.0,0.2703665232620622,0.0719071618103731,0.0993239771170412,0.0299220691927196,0.0398547399985854,0.0437260096537574,0.0288236405932715,0.0299722679263614,0.2935431533527483,0.0925604570930795
149,149.0,0.2671840289300091,0.0751666432800547,0.0995229193469721,0.0298532680002752,0.038847303804758,0.0417666815308243,0.0305258203308482,0.029995067939446,0.2918379818631916,0.0953002849736203
150,150.0,0.2722189117058358,0.0786457671124705,0.0981365300896486,0.0297928142470726,0.0378521381922658,0.0398856194048763,0.0305824503807702,0.0300156372718278,0.2897609537287637,0.0931091778664684
151,151.0,0.2734469842564334,0.075828834704441,0.094812397269829,0.0297404777267195,0.0368779677591002,0.0380938072974744,0.0306275929218922,0.0300339932982531,0.2953232988010777,0.0952146459647791
152,152.0,0.2729960303377964,0.0803023806309525,0.0946075480503574,0.0296959700811345,0.0359324346916601,0.0384672257332251,0.0306619452796832,0.0300501737890533,0.2922973370572803,0.0949889543488568
153,153.0,0.2775622861246873,0.079495324619187,0.0970038347774396,0.0296589534992966,0.0350221305840475,0.0411439837160514,0.0306862429488982,0.030064234492883,0.2861876109569969,0.093175398280512
154,154.0,0.2772333759508811,0.0796937784121852,0.0955176207298115,0.0296290490406496,0.0341526355813556,0.041160386928674,0.0307012484217028,0.0300762467814008,0.2891283576837185,0.0927073004696206
155,155.0,0.2764994602664593,0.0817485511579313,0.0974960816331838,0.0296058445374608,0.0333285637231194,0.0396452908986387,0.0307077408630098,0.0300862953732529,0.2887524795498474,0.0921296919970964
156,156.0,0.2748253662676093,0.0878284874858425,0.0940281600539899,0.0319781325835681,0.0325536134134756,0.0381852515626205,0.0307065066515561,0.0300944761521872,0.2908572913159846,0.0889427145131661
157,157.0,0.2744327178820523,0.0880769506577422,0.0907118609394509,0.0319431030093124,0.0318306220006614,0.0367893636445779,0.0306983307947322,0.0301008940917063,0.2945960077311053,0.090820149248659
158,158.0,0.2710197051119407,0.0870032364138034,0.0946284999739841,0.0318921453623891,0.031161623509122,0.0383837099782252,0.0306839892156433,0.0301056612963563,0.2949091295335558,0.0902122996049799
159,159.0,0.2729714239581634,0.0830127949972081,0.0916653808336135,0.0318273620265342,0.0305479086316453,0.0386301900753098,0.0306642419023069,0.0301088951675778,0.2980419489290609,0.09252985347858
160,160.0,0.2789035244009218,0.0786356377053184,0.0928814099920004,0.0317507834039994,0.0331264497919635,0.0386376075889779,0.0306398269012811,0.0301107167000014,0.2912322717143077,0.0940817718012283
161,161.0,0.2769254539065353,0.0807181359207361,0.0925035348634514,0.0316643548096782,0.032593145065603,0.0400766653420887,0.030611455131345,0.0301112489121826,0.2898275352397362,0.0949684708086434
162,162.0,0.279434334002842,0.0778779212548466,0.0940186650124017,0.0315699255266923,0.0320872393612224,0.0391059171863827,0.0305798059870891,0.0301106154140239,0.2871525328252512,0.0980630434292479
163,163.0,0.2829209521234331,0.0736503893086142,0.0980594532035383,0.031469239916738,0.0327935182594187,0.0379543612137159,0.0305455236973879,0.0301089391115407,0.2863595610713564,0.0961380620942567
164,164.0,0.2865933651719278,0.0708903498069674,0.0994362146254558,0.0313639304686118,0.0323370143020253,0.0368384172261786,0.0305092143996829,0.0301063410481905,0.2886597729220219,0.0932653800289378
165,165.0,0.27986377088875,0.0673283399678228,0.1006960963094611,0.0312555126606121,0.031902790597351,0.0372698072339671,0.0304714438877516,0.0301029393806934,0.2907991083888347,0.1003101906847561
166,166.0,0.2759980123618396,0.0673509138783429,0.0983912021841957,0.0311453815068063,0.0329406717774528,0.0386797378377654,0.0304327359881359,0.0300988484861391,0.2922775389925889,0.1026849569867332
167,167.0,0.2803961071108133,0.0634794466980306,0.1018292204631046,0.0310348096533129,0.0325424187435159,0.0384508868002768,0.0303935715186004,0.0300941781961788,0.291918968312003,0.0998603925041634
168,168.0,0.2835024500936391,0.0589852864515487,0.1041243677576125,0.0309249468886358,0.0321585668255376,0.037447351941337,0.0303543877808325,0.0300890331532528,0.2911171375789715,0.1012964715286324
169,169.0,0.2866135968481227,0.0588513394766013,0.1065104165369635,0.0308168209315401,0.0317915144311017,0.0364696970488777,0.0303155785390331,0.0300835122830868,0.2887299950785045,0.0998175288261684
170,170.0,0.2860543527499186,0.0618980191560318,0.1125237481287576,0.0307113393608385,0.0314432521317984,0.0355251106751756,0.0302774944360232,0.0300777083771066,0.281320010026507,0.1001689649578426
171,171.0,0.2843362746177691,0.059410687658998,0.1149361913595913,0.0306092925535986,0.032755171620002,0.0361333823664562,0.0339921960808145,0.0300717077779533,0.2812112514373272,0.0965438445274895
172,172.0,0.2764209675513155,0.0595350320666645,0.1199138137154512,0.0305113575015468,0.0324325381721801,0.0390655249823698,0.0339189285466442,0.0300655901609358,0.2810743747447452,0.0970618725581468
173,173.0,0.276797616343924,0.0562533456208653,0.1226132848651779,0.0304181023796847,0.0321178426874186,0.0404177496957093,0.0338137984804244,0.0300594284040107,0.2820977253092972,0.0954111062134877
174,174.0,0.2823247086194574,0.0556622636860331,0.1194500279408152,0.030329991746212,0.031813438324259,0.0398550112304111,0.0336810434360224,0.030053288538738,0.2862165015655086,0.0906137249125431
175,175.0,0.2802811269248465,0.0540713388757969,0.1164108969823067,0.0302473922586244,0.0335774924404841,0.0389505392020898,0.0335247534617004,0.0300472297746052,0.2901291119854814,0.0927601180940645
176,176.0,0.2832793282543564,0.0570426154214893,0.1122363247786215,0.0301705787972093,0.0332788290370017,0.0380470089845797,0.0333488449501935,0.0300413045891397,0.2894231589873431,0.0931320062000657
177,177.0,0.2839896444616725,0.0567552729661579,0.1133328591742348,0.0300997408939636,0.0329772436834975,0.0371533616989748,0.0331570388403354,0.0300355588763292,0.2915143599483731,0.090984919456461
178,178.0,0.2902717470252526,0.0554661464708173,0.1103168502530161,0.0300349893721029,0.0326760444285087,0.0362775455249406,0.0329528429530598,0.0300300321460366,0.2880940679133203,0.0938797339129449
179,179.0,0.2888880710075882,0.0573504312746388,0.1092350013588704,0.0299763631087072,0.0344791180953601,0.0354265355130605,0.0327395382249811,0.0300247577673128,0.2855969541480867,0.0962832295013939
180,180.0,0.2903432558406573,0.0567777216026911,0.1112991417189271,0.029923835840564,0.0341662711180091,0.0346063611472378,0.0325201685874605,0.0300197632487883,0.2854259164003168,0.0949175644953479
181,181.0,0.2904913194032729,0.0536138946207471,0.113177068721299,0.0298773229408295,0.033843046127213,0.0360917405822994,0.0322975342278174,0.0300150705496283,0.2905894827462844,0.0900035200806087
182,182.0,0.2861861321938257,0.0521017399622186,0.1146672558697783,0.0298366881016601,0.035465248380739,0.0353250246898349,0.0320741879618604,0.0300106964148881,0.2964667048478038,0.0878663215773909
183,183.0,0.2878628168214757,0.049560022148854,0.1145009871420692,0.0298017498653911,0.0351141962392419,0.0412966362914757,0.0318524344428804,0.030006652729473,0.2929450712781905,0.0870594330409483
184,184.0,0.2890795835232676,0.0504617386143892,0.1149366662923748,0.0297722879540951,0.0347471073495021,0.0434612395466686,0.0316343319313697,0.0300029468853047,0.2900019444469041,0.0859021534561241
185,185.0,0.2933796571648812,0.0519223705115019,0.114351652846608,0.0297480493543877,0.0343692562752413,0.0426228888389843,0.0314216963516963,0.0299995821567002,0.2872833337641324,0.0849015127358667
186,186.0,0.2980218769817765,0.0509834745769919,0.1155630668171588,0.0297287541211072,0.0357294515353323,0.0417421443136786,0.0312161073664734,0.0299965580793891,0.2857739047903324,0.0812446614177598
187,187.0,0.2955793169541012,0.0532890432725969,0.1136410430393634,0.0297141008699436,0.0353267743433506,0.0408320527977667,0.0310189162061079,0.0299938708290152,0.2879155916939672,0.0826892899937872
188,188.0,0.298928616681376,0.0553337411789466,0.107717867107757,0.029703771935197,0.0349110971271334,0.0399046499054683,0.0331149016475303,0.0299915135953886,0.2910637815119882,0.0793300593092144
189,189.0,0.2977100757039651,0.0542053175387136,0.1079408337014038,0.0296974381745731,0.0344878766612667,0.0428726532807422,0.0329148575453041,0.0299894769491707,0.2953759447314562,0.0748055257134044
190,190.0,0.2983969517204727,0.0547653531017953,0.1096213129971152,0.0296947634082658,0.034062099475374,0.0419035885560239,0.0327056692778474,0.029987749198083,0.2952494796846369,0.0736130325803858
191,191.0,0.3010575745743364,0.05311606607507,0.1085210568229759,0.0296954084845066,0.0355799575339427,0.0409123944182172,0.0324903431443579,0.0299863167301231,0.2955890025769614,0.0730518796395088
192,192.0,0.3094841871286176,0.0522254541467163,0.1072638863607138,0.0296990349682783,0.0354869818378337,0.0399111957500089,0.0322716461927738,0.0299851643416581,0.2941453699405092,0.0695270793328903
193,193.0,0.3093153922224252,0.0539451792320041,0.1091127255089581,0.02970530845399,0.0350385978273836,0.0389110049911214,0.0320521024744203,0.0299842755486229,0.289600834425673,0.0723345793154014
194,194.0,0.3129848195691638,0.0592096679389915,0.104462312957103,0.0297139015065906,0.037329634981676,0.0404005117542512,0.031833992103158,0.029983632879405,0.2838470230167611,0.0702345032928997
195,195.0,0.3159309759893316,0.0612332822903248,0.1128082291764855,0.0297244962388653,0.0368478002029482,0.0394061530770897,0.0316193528479904,0.0299832181483149,0.2733386718039149,0.0691078202247347
196,196.0,0.3164894822440816,0.0613603408411126,0.1092353270583736,0.0328400610947178,0.0363456709000636,0.0384171687368735,0.0314099839898596,0.0299830127088506,0.2742173493463329,0.0697016030797342
197,197.0,0.3194171618526693,0.0634101836128037,0.106008185969399,0.0328227217507633,0.0358302978184669,0.0412565318200473,0.0312074521776433,0.0299829976862443,0.2715060848085296,0.0685583825034332
198,198.0,0.3219661533647099,0.0659537535448722,0.0997968542975713,0.0327788891236966,0.0353081590668452,0.0407490427027204,0.0310130990248722,0.0299831541890361,0.2753126406765994,0.0671382540090767
199,199.0,0.3230081741148067,0.068227096213031,0.0940756531638337,0.0353254375877642,0.0347851525997172,0.0397510948385265,0.0308280501971294,0.0299834634996584,0.2785261955970469,0.0654896821884858
200,200.0,0.3313855352394619,0.0665383718275777,0.090120297030888,0.0352116687818493,0.0342665952533048,0.0387554308123667,0.0306532257501897,0.0299839072442219,0.2790947644909297,0.0639902035692103
201,201.0,0.3353649275471722,0.0669854764375054,0.0870426812698278,0.0350571601687074,0.0337572276890007,0.0377717788806992,0.030489351490442,0.0299844675418868,0.2818160763922787,0.0617308525824797
202,202.0,0.3392341650103434,0.0670294707990971,0.084508393015911,0.0348675308151926,0.0332612246042369,0.0368087743533915,0.0303369711417647,0.0299851271343664,0.2847869791071202,0.0591813640185762
203,203.0,0.3392657648815224,0.0643935931823182,0.0825992950853772,0.0346481890888774,0.0348380538911623,0.0374729725535902,0.0301964591165375,0.0299858694962543,0.2907146898431744,0.055885112861186
204,204.0,0.3385685777955995,0.0644213069251842,0.0813431582290979,0.0344042996443049,0.0370510822184779,0.0375143077154537,0.0300680337026676,0.0299866789269909,0.2827667374177047,0.0638758174245185
205,205.0,0.3433085905448105,0.0630018658553405,0.0780484030973133,0.0341407561477466,0.036973199774377,0.0366147265126471,0.029951770493158,0.029987540625384,0.2791898879461978,0.0687832590030252
206,206.0,0.3424122229604485,0.0616138768267308,0.0755383438037639,0.0338621594393666,0.038010442402737,0.0357389561649946,0.0298476158996678,0.0299884407476839,0.2857761091984016,0.0672118325562053
207,207.0,0.3382677859040687,0.0594594776672413,0.0744703423996175,0.033572800807431,0.0388747284890289,0.0348933732904574,0.02975540060653,0.0299893664502769,0.2879878759667104,0.0727288484186377
208,208.0,0.3331912976109629,0.0597642466353318,0.0741312401430496,0.0367962128903794,0.0382914058628534,0.0340834149704694,0.0296748528366406,0.0299903059181079,0.2868334307403224,0.0772435923918824
209,209.0,0.3320675012039156,0.0585964554522263,0.07408779527103,0.0364617150623409,0.037683501440667,0.0333136183327755,0.0296056113153737,0.0299912483799747,0.2933840350851489,0.0748085184565473
210,210.0,0.334693492061118,0.0575919899566721,0.0710888397691041,0.0360960498664828,0.0370595524462925,0.0325876651755232,0.0295472378330799,0.0299921841118551,0.2996724197223558,0.0716705690575166
211,211.0,0.3295528799038397,0.0641071371469513,0.0698632572111369,0.0382358332400628,0.0364274028268925,0.0319084306822409,0.0294992293206846,0.0299931044294289,0.298728618210533,0.0716841070282294
212,212.0,0.3273240991568576,0.0639111150768483,0.0691041997557535,0.0380004724590876,0.0357941941411636,0.0312780353314645,0.0294610293663219,0.029994001670951,0.3029191345184274,0.0722137185231247
213,213.0,0.3242655960453221,0.0666508029205341,0.0667566913029086,0.0375303973036371,0.0351663643825959,0.030697899162451,0.0294320391137324,0.0299948691716114,0.3042859746863772,0.0752193659108303
214,214.0,0.3192888030964314,0.0704439170708333,0.0683096653122649,0.0370320256906953,0.0345496539560591,0.0320107296383625,0.0294116274952644,0.0299957012304896,0.2990949050324218,0.0798629714771778
215,215.0,0.3186773003306797,0.0711469208993596,0.0696100090426804,0.0365131709821407,0.0366324024900933,0.0315144309526159,0.0293991407636906,0.0299964930711752,0.2982088169307736,0.078301314536791
216,216.0,0.3250609876302602,0.0677812631697116,0.0679936236579431,0.0406531678496871,0.036025596134093,0.0310526178259178,0.0293939112976373,0.0299972407970804,0.2922169116920159,0.0798246799456535
217,217.0,0.3335031634886847,0.0669237570501611,0.0650921870576182,0.0400677453184217,0.0354192144523518,0.0321584606373318,0.0293952656652129,0.0299979413424243,0.2849315954986355,0.082510669489158
218,218.0,0.331661745934516,0.0692768058418776,0.0679195955272565,0.0394401875870987,0.0401006087175349,0.0317533338378997,0.0294025319393789,0.0299985924198095,0.2810728402349329,0.0793737579596953
219,219.0,0.3289828227284736,0.0666444281128573,0.0673263819894492,0.038780983753037,0.0426856807533592,0.0313711863800319,0.0294150462667344,0.0299991924652582,0.2878790939061795,0.0769151836446197
220,220.0,0.324755542069034,0.0702828174597895,0.068644605179023,0.0380998904648511,0.0419819705843144,0.0310135418041505,0.0294321586986871,0.0299997405815094,0.2923894541686413,0.0734002789899997
221,221.0,0.323286118486779,0.0706689571628453,0.0717354503111865,0.0374059076008352,0.0412288117263309,0.036414676826974,0.0294532383004576,0.0300002364803204,0.2887494244173825,0.0710571786868886
222,222.0,0.3257967808820238,0.0681194340155256,0.0760626295628999,0.0367072639472126,0.0404386806368825,0.036051716076003,0.0294776775590465,0.030000680424447,0.2903755793718206,0.0669695575241385
223,223.0,0.3222850229534127,0.064785849105082,0.079428282784889,0.0360114120194802,0.0443543555728965,0.0390343373028264,0.0295048961161861,0.0300010731699166,0.2847493252596739,0.0698454457156367
224,224.0,0.3191326614292087,0.0721315046473528,0.0780013101428886,0.0353250311643261,0.0439042461652919,0.0385955302768276,0.0295343438564498,0.03000141590914,0.2829829745286678,0.0703909818798468
225,225.0,0.3164171702174336,0.0758930051179612,0.080537754639895,0.0346540380830443,0.0429754556261162,0.0381146486506604,0.0295655033841226,0.0300017102153497,0.277444306744201,0.0743964073212159
226,226.0,0.3184738067647693,0.0726085102401833,0.088270904630648,0.0340036039290601,0.042009789584597,0.0376007087006033,0.029597891925187,0.0300019579887849,0.2758606143931918,0.0715722118429751
227,227.0,0.3151443649977151,0.0697382409811552,0.0920916517482505,0.0333781771511838,0.0443309370789699,0.0370621556585459,0.029631062692893,0.0300021614049887,0.2813592461604284,0.0672620021258692
228,228.0,0.3186472180003671,0.0659086090067877,0.0975370927168875,0.0327815112795833,0.0432973501082883,0.0382067488075713,0.0296646057568995,0.0300023228655223,0.2809443480988778,0.0630101933592151
229,229.0,0.3236244567537072,0.0635037144833627,0.0979323474443868,0.0390449888789886,0.0422341483335919,0.0376248939545022,0.0296981484569364,0.0300024449513473,0.2760805328639688,0.060254323879208
230,230.0,0.3163181066978602,0.0623622892059533,0.1066355915843339,0.0391734091467183,0.0411549252530293,0.0370249756471949,0.0297313554024002,0.0300025303790763,0.2797795664758226,0.0578172502076108
231,231.0,0.3126010777089831,0.0616388096573353,0.1138792153858045,0.0401258380493921,0.0400720752279926,0.0364147994141465,0.0297639280992936,0.0300025819602417,0.2799773803415499,0.0555242941552605
232,232.0,0.3006109050728253,0.0596287832745303,0.1200560658806068,0.0397151241030681,0.0389967894531796,0.0389540872664893,0.0297956042455048,0.0300026025636881,0.2865071566963962,0.0557328814437113
233,233.0,0.292541831946877,0.0560444137654793,0.1326140603120038,0.0401531550919386,0.0379390643613162,0.0386921992195514,0.0298261567346397,0.0300025950811529,0.2880790685683884,0.0541074549186524
234,234.0,0.2917159085124523,0.056156472403408,0.1307474461962219,0.0394224325577529,0.0369077211350259,0.0406825189418106,0.0298553924075148,0.0300025623960598,0.2865821643726854,0.057927381077068
235,235.0,0.2826377978902419,0.0552113494115646,0.128595614027451,0.0386705579514082,0.0389381710462232,0.0399778353383258,0.0298831505890273,0.0300025073555154,0.2968981592867306,0.0591848571035119
236,236.0,0.2740366468747426,0.0535152418532439,0.1233268387868292,0.0379071652261838,0.0379512318322507,0.0392438417418061,0.0299093014464982,0.0300024327454703,0.3157325326623083,0.0583747668306668
237,237.0,0.2728147751655065,0.054199501436725,0.1195417051179561,0.0371410401212201,0.0455747214438434,0.0384908090875204,0.029933744203757,0.0300023412689749,0.3153706808060702,0.056930681348426
238,238.0,0.272817626609332,0.0554632001129073,0.1160960107015477,0.0393400521553186,0.0445479923795969,0.0377281716077881,0.0299564052432524,0.0300022355274394,0.3162403684783658,0.0578079371844516
239,239.0,0.2699091570701951,0.0544925901008854,0.1128494696006661,0.0385618209376538,0.0434784562979791,0.0369645161599511,0.0299772361263657,0.030002118004783,0.3194128839343369,0.0643517517671835
240,240.0,0.2756820544772212,0.0517860610504827,0.1096858857216577,0.0377757946323789,0.0423810892615433,0.0388109786913128,0.0299962115599041,0.0300019910543444,0.321793279464889,0.0620866540862655
241,241.0,0.2730185256345057,0.0488554174594031,0.1127339331763771,0.0369906130113078,0.0412696480361357,0.0385448513824311,0.0300133273344895,0.0300018568884063,0.3218383592036092,0.0667334678733344
242,242.0,0.2804251620406604,0.0460292840528373,0.1080823184399999,0.0362140434222306,0.0401566544529074,0.0377669866580162,0.0300285982582715,0.0300017175701779,0.3189565561062467,0.0723386789986519
243,243.0,0.2844741226390622,0.0433254711463998,0.101483502691307,0.0371710799048313,0.0417298433153394,0.0369892385394626,0.0300420561070926,0.0300015750080705,0.3164908651153651,0.0782922455330694
244,244.0,0.2952019663646242,0.040758784819142,0.0949851481623275,0.0370790038622585,0.0406196101896949,0.0362193728473697,0.0300537476099607,0.0300014309520932,0.3178837817292582,0.0771971534632709
245,245.0,0.2877781362453161,0.0465258190643385,0.0951616927922153,0.038022448816995,0.0408915767766291,0.0354642999960125,0.0300637324864423,0.0300012869921927,0.3207311211731631,0.0753598856566953
246,246.0,0.2882881515831439,0.0449648305214982,0.0938522951662899,0.0392284975561126,0.0397877956853835,0.036504914999512,0.0311202051452693,0.0300011445583603,0.3221622324461467,0.0740899323382835
247,247.0,0.2919830047565084,0.0467392158808655,0.094757336101287,0.0389480484613973,0.0401635032226174,0.0357790781399534,0.0311165172513888,0.0300010049223275,0.31840755458837,0.0721047366752846
248,248.0,0.2932793643953778,0.0458337348083191,0.094642703586627,0.0381624800459565,0.03939284956475,0.0350680341849511,0.0311020329743824,0.0300008692006748,0.3219180877628848,0.0705998434760764
249,249.0,0.2914617442901537,0.0445788231185691,0.0931494345789917,0.0408082892737757,0.0383235119795294,0.0343774142835995,0.0310779767953328,0.0300007383591805,0.3267735879795017,0.0694484793413657
250,250.0,0.2880870630217866,0.0484093609425853,0.0911481595401303,0.0402563716096368,0.0386138968750819,0.0345470971308261,0.0310455464662349,0.0300006132182439,0.3266378490259695,0.0712540421695045
251,251.0,0.2858855669464809,0.0485874811519949,0.0866420765702634,0.0394177378268479,0.0405740394837272,0.0339028273108707,0.0310059037053844,0.0300004944592185,0.3317835079669681,0.0722003645782438
252,252.0,0.282447464812209,0.0500534970294574,0.0822505469487037,0.0385687900440694,0.0400104694639551,0.0344117251010045,0.0309601661835651,0.0309025977524654,0.3382156647882101,0.07217907787636
253,253.0,0.2840544157007106,0.0489164137823818,0.0807642431791721,0.037719049139128,0.0416291076861189,0.0341628151830229,0.0309094007520921,0.0308934711299972,0.3353518159316936,0.0755992675156824
254,254.0,0.2824411689855829,0.0469045535229687,0.078538385866555,0.0368770918332895,0.0411212285671078,0.0335801959053181,0.0308546178562455,0.0308763224584759,0.3424622205045267,0.0763442144999297
255,255.0,0.2810193923437359,0.052901160462493,0.073292904682268,0.0382174503222054,0.0400732296428547,0.0330200365963305,0.0307967670714211,0.0308521254295219,0.3428635457446749,0.0769633877044944
256,256.0,0.2852161080138785,0.0519313974968855,0.069159454059301,0.0373913965747545,0.0390292983145983,0.0324856928522785,0.0307367336943649,0.0308218268491681,0.3483905896782769,0.0748375024664937
257,257.0,0.2845819805510074,0.0499024000651061,0.0693298866607889,0.0365740342363012,0.0379994671360216,0.0338996498197852,0.0306753363180707,0.030786339858358,0.3539969976183751,0.0722539077361858
258,258.0,0.2833990602279131,0.0514269500555824,0.0657517568348409,0.0357726677893302,0.0369926244039423,0.035429850482807,0.0306133253162252,0.0307465381680454,0.3539541540888615,0.0759130726324519
259,259.0,0.2807217294052796,0.0518129216308275,0.0676956118468468,0.034993711309163,0.0360165397010316,0.0354411113261625,0.030551382161402,0.0307032512650835,0.3517040885541466,0.0803596528000569
260,260.0,0.2811427439442092,0.0501440511235155,0.065078377057333,0.0342427133639209,0.0350778980714016,0.0349375407636497,0.030490119500447,0.030657260539767,0.3575028203446305,0.0807264752911255
261,261.0,0.2812888143786505,0.0542047025654646,0.0660737691813392,0.0335243880795638,0.0341823416240205,0.0344349518497517,0.0304300819105832,0.0306092962815845,0.3540533768632732,0.0811982772657686
262,262.0,0.281922781506077,0.0526170573678277,0.0632810283881237,0.0328426514428468,0.0333345174051374,0.0361613823970002,0.0303717472605998,0.0305600354864044,0.3610840468598928,0.0778247518860901
